country,code,year,new_cases,new_deaths,new_tests,total_vaccinations,people_vaccinated,people_fully_vaccinated,total_boosters,new_vaccinations
Afghanistan,AFG,2020,52330,2189,0,0,0,0,0,0
Afghanistan,AFG,2021,105729,5167,0,4674518,4142857,3753224,0,871193
Afghanistan,AFG,2022,49495,493,0,12449870,11459692,10754839,0,2450179
Afghanistan,AFG,2023,22821,124,0,22964750,19151368,18370386,2729940,2519516
Afghanistan,AFG,2024,4839,25,0,22964750,19151368,18370386,2729940,1090964
Albania,ALB,2020,57146,1170,247526,22964750,19151368,18370386,2729940,1213656
Albania,ALB,2021,151753,2042,1175840,22964750,19151368,18370386,2729940,2596053
Albania,ALB,2022,123869,384,190504,3025728,1342243,1270016,377057,1230353
Albania,ALB,2023,1828,8,0,3088966,1349255,1279333,402371,927465
Albania,ALB,2024,2600,4,0,3088966,1349255,1279333,402371,841071
Algeria,DZA,2020,99311,2751,0,3088966,1349255,1279333,402371,930006
Algeria,DZA,2021,118726,3520,0,12545356,7060737,5609040,402371,4982137
Algeria,DZA,2022,53180,610,0,15267442,7840131,6481186,575651,53738950
Algeria,DZA,2023,793,0,0,15267442,7840131,6481186,575651,53738950
Algeria,DZA,2024,165,0,0,15267442,7840131,6481186,575651,48733130
American Samoa,ASM,2020,0,0,0,15267442,7840131,6481186,575651,53444490
American Samoa,ASM,2021,11,0,0,15267442,7840131,6481186,575651,53738950
American Samoa,ASM,2022,8274,34,0,15267442,7840131,6481186,575651,53738950
American Samoa,ASM,2023,74,0,0,15267442,7840131,6481186,575651,53738950
American Samoa,ASM,2024,0,0,0,15267442,7840131,6481186,575651,48438670
Andorra,AND,2020,7983,84,0,15267442,7840131,6481186,575651,53886180
Andorra,AND,2021,15139,56,0,15267442,7840131,6481186,575651,14380295
Andorra,AND,2022,24629,18,0,156242,57901,53489,43020,720145
Andorra,AND,2023,264,1,0,157072,57913,53501,43071,720145
Andorra,AND,2024,0,0,0,157072,57913,53501,43071,653063
Angola,AGO,2020,17433,405,0,157072,57913,53501,43071,722118
Angola,AGO,2021,59354,1352,0,11615144,7685417,3929727,43071,720145
Angola,AGO,2022,28308,173,28136,23701048,14990131,8253873,1457126,720145
Angola,AGO,2023,1833,7,0,27819132,16550642,9609080,3067091,720145
Angola,AGO,2024,559,0,0,27819132,16550642,9609080,3067091,649117
Anguilla,AIA,2020,13,0,0,27819132,16550642,9609080,3067091,716199
Anguilla,AIA,2021,1661,5,0,27819132,16550642,9609080,3067091,542953
Anguilla,AIA,2022,2230,7,0,24441,10852,10373,2998,518665
Anguilla,AIA,2023,0,0,0,24864,10858,10382,3309,518665
Anguilla,AIA,2024,0,0,0,24864,10858,10382,3309,467509
Antigua and Barbuda,ATG,2020,158,5,0,24864,10858,10382,3309,515823
Antigua and Barbuda,ATG,2021,4145,114,0,121146,62283,58863,3309,304473
Antigua and Barbuda,ATG,2022,4811,27,0,136512,64290,62384,9838,118818
Antigua and Barbuda,ATG,2023,0,0,0,136512,64290,62384,9838,111325
Antigua and Barbuda,ATG,2024,0,0,0,136512,64290,62384,9838,100955
Argentina,ARG,2020,1674319,48271,5126379,136512,64290,62384,9838,133928
Argentina,ARG,2021,4106203,69905,23507816,78305680,38825076,30780136,6183044,78262274
Argentina,ARG,2022,4110617,11948,8029795,112937080,41429680,34804668,33885003,34631401
Argentina,ARG,2023,153818,348,0,116717860,41523450,34900612,37459362,3780775
Argentina,ARG,2024,64524,239,0,116978520,41529056,34900612,37713094,735516
Armenia,ARM,2020,159409,2823,595876,116978520,41529056,34900612,37713094,567006
Armenia,ARM,2021,185521,5149,1978061,116978520,41529056,34900612,37713094,570130
Armenia,ARM,2022,100690,738,528330,2150112,1118674,985807,40725,570130
Armenia,ARM,2023,5806,65,0,2256919,1150915,1030758,81354,570130
Armenia,ARM,2024,1614,4,0,2256919,1150915,1030758,81354,517022
Aruba,ABW,2020,5373,49,0,2256919,1150915,1030758,81354,571692
Aruba,ABW,2021,13701,132,793,2256919,1150915,1030758,81354,294594
Aruba,ABW,2022,24839,99,0,174138,90149,83989,81354,16251
Aruba,ABW,2023,364,12,0,174898,90535,84363,81354,1544
Aruba,ABW,2024,0,0,0,174914,90546,84368,81354,356
Asia excl. China,nan,2020,20405750,331167,0,174914,90546,84368,81354,363
Asia excl. China,nan,2021,64109416,919824,0,174914,90546,84368,81354,365
Asia excl. China,nan,2022,105127804,231295,0,174914,90546,84368,81354,365
Asia excl. China,nan,2023,12262180,31850,0,174914,90546,84368,81354,365
Asia excl. China,nan,2024,314923,971,0,174914,90546,84368,81354,329
Australia,AUS,2020,28381,920,11253840,174914,90546,84368,81354,366
Australia,AUS,2021,338226,1523,43698328,42580540,20444346,19755836,2380356,43173647
Australia,AUS,2022,10418952,16467,18411331,63583560,22231734,21647524,19691609,23555086
Australia,AUS,2023,935976,5510,0,69686750,22231734,21647524,19790466,7711355
Australia,AUS,2024,139626,892,0,69686750,22231734,21647524,19790466,7056418
Austria,AUT,2020,352657,7379,3761649,69686750,22231734,21647524,19790466,7732482
Austria,AUT,2021,911872,9318,119798720,69686750,22231734,21647524,19790466,7711355
Austria,AUT,2022,4436317,4937,65208090,20351828,6897765,6680653,5398800,7711355
Austria,AUT,2023,381324,900,0,20468732,6899873,6683263,5405966,7711355
Austria,AUT,2024,778,0,0,20468732,6899873,6683263,5405966,7056418
Azerbaijan,AZE,2020,216584,2575,0,20468732,6899873,6683263,5405966,7732482
Azerbaijan,AZE,2021,399768,5771,1510783,20468732,6899873,6683263,5405966,11927764
Azerbaijan,AZE,2022,209959,1662,205652,13857111,5373253,4862494,3362453,3934147
Azerbaijan,AZE,2023,7943,345,0,13857111,5373253,4862494,3362453,602615
Azerbaijan,AZE,2024,2238,0,0,13857111,5373253,4862494,3362453,546481
Bahamas,BHS,2020,7857,180,0,13857111,5373253,4862494,3362453,604266
Bahamas,BHS,2021,16619,547,22125,13857111,5373253,4862494,3362453,539766
Bahamas,BHS,2022,13015,116,21611,364701,174147,165633,36670,2471415
Bahamas,BHS,2023,656,13,0,366359,174810,166972,36965,2471415
Bahamas,BHS,2024,980,3,0,366359,174810,166972,36965,2241201
Bahrain,BHR,2020,92425,352,1984360,366359,174810,166972,36965,2443696
Bahrain,BHR,2021,188981,1042,3724818,3226201,1203146,1177993,845062,3033249
Bahrain,BHR,2022,415208,142,226347,3476633,1241174,1226796,1008663,329212
Bahrain,BHR,2023,0,0,0,3476633,1241174,1226796,1008663,24820
Bahrain,BHR,2024,0,0,0,3476633,1241174,1226796,1008663,22372
Bangladesh,BGD,2020,513510,7559,3228434,3476633,1241174,1226796,1008663,24888
Bangladesh,BGD,2021,1072029,20519,8264409,106575144,65835396,40739750,1008663,173766104
Bangladesh,BGD,2022,451586,1368,2328061,334842980,149140660,125670620,60611619,313917839
Bangladesh,BGD,2023,9167,37,0,361674660,151504400,142193280,68558519,117102034
Bangladesh,BGD,2024,5214,22,0,361742560,151507170,142201680,68615250,143924
Barbados,BRB,2020,372,7,0,361742560,151507170,142201680,68615250,6588
Barbados,BRB,2021,27938,253,0,361742560,151507170,142201680,68615250,300690
Barbados,BRB,2022,77205,308,6351,380980,163820,154990,68615250,20667
Barbados,BRB,2023,2279,25,0,384049,163853,155047,62848,1460
Barbados,BRB,2024,1042,0,0,384049,163853,155047,62848,1324
Belarus,BLR,2020,192361,1414,474181,384049,163853,155047,62848,1464
Belarus,BLR,2021,505239,4147,542166,7708200,4356041,3228165,114146,1460
Belarus,BLR,2022,296437,1557,432120,17358736,6437839,6332753,4612801,1460
Belarus,BLR,2023,0,0,0,22765402,6536392,6414996,5724423,1460
Belarus,BLR,2024,8,0,0,22765402,6536392,6414996,5724423,1324
Belgium,BEL,2020,645277,19638,6966831,22765402,6536392,6414996,5724423,2043
Belgium,BEL,2021,1451435,8679,20394518,21730352,8939770,8828993,4388262,21729425
Belgium,BEL,2022,2588192,5002,6954256,29498086,9259554,9162420,11602245,7761909
Belgium,BEL,2023,163841,1020,0,31461344,9261641,9170819,13548731,1962889
Belgium,BEL,2024,42725,0,0,31469388,9261641,9170945,13556521,9794
Belize,BLZ,2020,10668,241,0,31469388,9261641,9170945,13556521,2196
Belize,BLZ,2021,21399,357,2924,31469388,9261641,9170945,13556521,951127
Belize,BLZ,2022,37927,91,0,501831,251813,221248,13556521,1996550
Belize,BLZ,2023,1437,0,0,511106,258473,221478,53198,1996550
Belize,BLZ,2024,47,0,0,511106,258473,221478,53198,1810570
Benin,BEN,2020,3251,44,0,511106,258473,221478,53198,2002020
Benin,BEN,2021,21793,117,0,1773592,1699784,1319264,53198,1996550
Benin,BEN,2022,2942,2,0,4232541,3697190,2742837,53198,1996550
Benin,BEN,2023,50,0,0,4232541,3697190,2742837,0,1996550
Benin,BEN,2024,0,0,0,4232541,3697190,2742837,0,1799630
Bermuda,BMU,2020,595,10,0,4232541,3697190,2742837,0,2002020
Bermuda,BMU,2021,5736,96,0,4232541,3697190,2742837,20267,1996550
Bermuda,BMU,2022,12291,47,41927,132042,48554,47657,35831,1996550
Bermuda,BMU,2023,238,12,0,136759,48554,47657,35831,1996550
Bermuda,BMU,2024,0,0,0,136759,48554,47657,35831,1810570
Bhutan,BTN,2020,671,0,281699,136759,48554,47657,35831,2002020
Bhutan,BTN,2021,1990,3,1007177,1154843,589762,565081,35831,1392783
Bhutan,BTN,2022,59871,18,422793,2011426,699116,677669,634641,151110
Bhutan,BTN,2023,166,0,0,2011426,699116,677669,634641,151110
Bhutan,BTN,2024,0,0,0,2011426,699116,677669,634641,137034
Bolivia,BOL,2020,156887,9135,411823,2011426,699116,677669,634641,151524
Bolivia,BOL,2021,434886,10515,2662180,9792844,5635100,4593214,634641,9895990
Bolivia,BOL,2022,564384,2641,1364267,14690530,7361008,6160585,2167589,5233691
Bolivia,BOL,2023,55939,94,0,14690530,7361008,6160585,2167589,1442845
Bolivia,BOL,2024,60,2,0,14690530,7361008,6160585,2167589,1308443
Bonaire Sint Eustatius and Saba,BES,2020,186,3,0,14690530,7361008,6160585,2167589,1434939
Bonaire Sint Eustatius and Saba,BES,2021,3053,20,0,14690530,7361008,6160585,2167589,1442845
Bonaire Sint Eustatius and Saba,BES,2022,8477,17,0,35845,19109,16736,2167589,1442845
Bonaire Sint Eustatius and Saba,BES,2023,206,2,0,35845,19109,16736,2167589,1442845
Bonaire Sint Eustatius and Saba,BES,2024,0,0,0,35845,19109,16736,2167589,1300537
Bosnia and Herzegovina,BIH,2020,110985,4050,419938,35845,19109,16736,2167589,1446798
Bosnia and Herzegovina,BIH,2021,179486,9378,623580,1553874,882641,720631,2167589,11524153
Bosnia and Herzegovina,BIH,2022,110622,2806,0,1924950,943394,846080,120530,24412660
Bosnia and Herzegovina,BIH,2023,2415,146,0,1924950,943394,846080,120530,24412660
Bosnia and Herzegovina,BIH,2024,489,23,0,1924950,943394,846080,120530,22138604
Botswana,BWA,2020,14637,43,19426,1924950,943394,846080,120530,24479544
Botswana,BWA,2021,207416,2409,0,1924950,1169197,1033971,120530,14534085
Botswana,BWA,2022,105978,334,0,3121142,1687070,1426050,499421,3808775
Botswana,BWA,2023,2386,14,0,3171667,1951054,1663490,510809,3808775
Botswana,BWA,2024,279,1,0,3171667,1951054,1663490,510809,3433115
Brazil,BRA,2020,7563551,192681,11455136,3171667,1951054,1663490,510809,3819210
Brazil,BRA,2021,14700856,426136,25550355,331273920,166195500,143436020,26571077,334558194
Brazil,BRA,2022,14038581,74917,0,480333920,188553940,174887920,122629436,159845100
Brazil,BRA,2023,1209506,8382,0,516237120,189643420,176164200,126388587,16401918
Brazil,BRA,2024,0,0,0,516237120,189643420,176164200,126388587,8009207
British Virgin Islands,VGB,2020,93,1,0,516237120,189643420,176164200,126388587,8783511
British Virgin Islands,VGB,2021,3163,38,0,516237120,189643420,176164200,126388587,8831905
British Virgin Islands,VGB,2022,4049,25,0,41453,19466,18261,126388587,8831905
British Virgin Islands,VGB,2023,115,0,0,41453,19466,18261,3726,8831905
British Virgin Islands,VGB,2024,208,0,0,41453,19466,18261,3726,7960813
Brunei,BRN,2020,157,3,0,41453,19466,18261,3726,8856102
Brunei,BRN,2021,15317,58,581,898401,405888,400691,3726,3077564
Brunei,BRN,2022,254725,87,0,1283392,450404,445929,338987,1396855
Brunei,BRN,2023,60577,23,0,1293100,451149,446714,340466,1396855
Brunei,BRN,2024,18834,10,0,1293100,451149,446714,340466,1266737
Bulgaria,BGR,2020,197384,7123,1004741,1293100,451149,446714,340466,1398806
Bulgaria,BGR,2021,536498,23405,1968108,3700660,1904143,1914910,340466,3740194
Bulgaria,BGR,2022,546735,7508,457406,4603029,2104752,2074810,768430,900951
Bulgaria,BGR,2023,42961,594,0,4724199,2155863,2077996,768430,123574
Bulgaria,BGR,2024,15093,134,0,4726614,2155863,2078006,768430,3095
Burkina Faso,BFA,2020,6707,85,0,4726614,2155863,2078006,768430,1098
Burkina Faso,BFA,2021,10925,233,0,4726614,2155863,2078006,768430,1095
Burkina Faso,BFA,2022,4391,77,547,5117982,4366726,3335753,768430,1095
Burkina Faso,BFA,2023,86,5,0,7893609,6089089,5232347,4056,1095
Burkina Faso,BFA,2024,51,0,0,7893609,6089089,5232347,4056,987
Burundi,BDI,2020,818,2,0,7893609,6089089,5232347,4056,1098
Burundi,BDI,2021,29732,12,0,7893609,6089089,5232347,4056,6676
Burundi,BDI,2022,21612,1,18945,30480,28541,27957,4056,33945
Burundi,BDI,2023,2404,0,0,42252,36909,36321,314,33945
Burundi,BDI,2024,108,0,0,42252,36909,36321,314,30597
Cambodia,KHM,2020,366,0,0,42252,36909,36321,314,34038
Cambodia,KHM,2021,120127,3012,294099,30456720,14262170,13659518,3588183,30485798
Cambodia,KHM,2022,18085,44,26375,45217130,15241969,14607080,10424952,23206783
Cambodia,KHM,2023,436,0,0,47826644,15316670,14693274,10782710,22402240
Cambodia,KHM,2024,311,0,0,47826644,15316670,14693274,10782710,20192704
Cameroon,CMR,2020,26848,448,0,47826644,15316670,14693274,10782710,22463616
Cameroon,CMR,2021,82818,1405,0,47826644,15316670,14693274,10782710,6779076
Cameroon,CMR,2022,14327,112,0,4003595,3232494,2729600,10782710,3609850
Cameroon,CMR,2023,1144,9,0,4880572,3753733,3197286,803560,3609850
Cameroon,CMR,2024,142,0,0,4880572,3753733,3197286,803560,3253810
Canada,CAN,2020,565508,15274,17962963,4880572,3753733,3197286,803560,3547775
Canada,CAN,2021,1536966,14684,34697134,68836540,31746146,29437316,7653083,68740376
Canada,CAN,2022,2390310,19144,9515401,96303710,34618256,31731096,29954363,27700096
Canada,CAN,2023,281456,5670,0,102123710,34742936,31758252,34282144,6525393
Canada,CAN,2024,44819,841,0,102877160,34742936,31758252,34890285,1016688
Cape Verde,CPV,2020,11793,112,75854,102877160,34742936,31758252,34890285,542046
Cape Verde,CPV,2021,28945,240,171988,102877160,34742936,31758252,34890285,1095685
Cape Verde,CPV,2022,22462,60,37075,859940,356734,308720,34890285,1628265
Cape Verde,CPV,2023,1274,5,0,859940,356734,308720,749,1628265
Cape Verde,CPV,2024,0,0,0,859940,356734,308720,749,1476591
Cayman Islands,CYM,2020,326,2,0,859940,356734,308720,749,1619343
Cayman Islands,CYM,2021,8492,9,0,130608,58591,56891,749,315257
Cayman Islands,CYM,2022,22654,26,9358,150126,61826,60539,24064,82490
Cayman Islands,CYM,2023,0,0,0,152148,62113,60696,24064,82490
Cayman Islands,CYM,2024,0,0,0,152148,62113,60696,24064,74354
Central African Republic,CAF,2020,5818,63,0,152148,62113,60696,24064,82716
Central African Republic,CAF,2021,6636,38,0,436772,375096,334906,24064,2614690
Central African Republic,CAF,2022,2906,12,0,2354281,1984791,1934575,214090,4703755
Central African Republic,CAF,2023,80,0,0,3342248,2600389,2484985,366221,4703755
Central African Republic,CAF,2024,3,0,0,3342248,2600389,2484985,366221,4239823
Chad,TCD,2020,2077,105,0,3342248,2600389,2484985,366221,4716642
Chad,TCD,2021,3624,76,0,3342248,2600389,2484985,366221,4703755
Chad,TCD,2022,1949,13,0,3891785,3750058,3625087,366221,4703755
Chad,TCD,2023,48,0,0,9151765,5147667,5020360,4042573,4703755
Chad,TCD,2024,4,0,0,9151765,5147667,5020360,4042573,4239823
Chile,CHL,2020,605950,16499,6443459,9151765,5147667,5020360,4042573,4635897
Chile,CHL,2021,1198732,22597,20677748,44314172,17307888,16547811,11032389,44295166
Chile,CHL,2022,3227670,24053,12652006,62623840,18082952,17695792,27419809,18308205
Chile,CHL,2023,300625,2598,0,66864900,18088516,17700116,27474929,501550
Chile,CHL,2024,73360,576,0,66864900,18088516,17700116,27474929,448228
China,CHN,2020,96673,4788,0,66864900,18088516,17700116,27474929,491172
China,CHN,2021,35398,911,0,2835332000,1259967000,1207413000,120580000,2754977702
China,CHN,2022,84792971,46845,0,3478094000,1307222000,1274018000,815718000,642762000
China,CHN,2023,14342414,25364,0,3516880600,1318026800,1284479600,834060133,157384000
China,CHN,2024,58528,514,0,3516880600,1318026800,1284479600,834060133,138180000
Colombia,COL,2020,1614912,42620,7737231,3516880600,1318026800,1284479600,834060133,153720000
Colombia,COL,2021,3523781,87246,21459536,3516880600,1318026800,1284479600,834060133,85195963
Colombia,COL,2022,1206512,12313,4847559,89787650,42909220,36879308,14521436,25441378
Colombia,COL,2023,20879,548,0,90931190,43012176,37204130,14944212,6910545
Colombia,COL,2024,28554,0,0,90931190,43012176,37204130,14944212,6323622
Comoros,COM,2020,695,9,0,90931190,43012176,37204130,14944212,6872679
Comoros,COM,2021,5820,148,0,90931190,43012176,37204130,14944212,6910545
Comoros,COM,2022,2470,4,0,835021,438825,397080,14944212,6910545
Comoros,COM,2023,124,0,0,835021,438825,397080,0,6910545
Comoros,COM,2024,0,0,0,835021,438825,397080,0,6228957
Congo,COG,2020,6431,100,0,835021,438825,397080,0,6929478
Congo,COG,2021,14846,269,0,835021,622886,397080,0,3421145
Congo,COG,2022,3848,17,0,833210,695760,654119,0,542390
Congo,COG,2023,150,3,0,833210,695760,654119,0,542390
Congo,COG,2024,21,0,0,833210,695760,654119,0,488894
Cook Islands,COK,2020,0,0,0,833210,695760,654119,0,539418
Cook Islands,COK,2021,0,0,0,833210,695760,654119,0,542390
Cook Islands,COK,2022,6710,1,0,40781,15084,14715,10209,542390
Cook Islands,COK,2023,584,1,0,40854,15112,14728,10240,542390
Cook Islands,COK,2024,173,0,0,40854,15112,14728,10240,488894
Costa Rica,CRI,2020,166799,2156,427761,40854,15112,14728,10240,543876
Costa Rica,CRI,2021,404161,5198,1838501,7756348,3944932,3505176,306240,542390
Costa Rica,CRI,2022,595882,1731,1411263,12606343,4587029,4290783,2774381,542390
Costa Rica,CRI,2023,63710,281,0,13576935,4650636,4369784,2986527,542390
Costa Rica,CRI,2024,5229,8,0,13576935,4650636,4369784,2986527,491866
Cote d'Ivoire,CIV,2020,22250,138,246963,13576935,4650636,4369784,2986527,543876
Cote d'Ivoire,CIV,2021,45896,574,860513,13576935,4950775,4369784,2986527,15983101
Cote d'Ivoire,CIV,2022,19795,119,102919,23755644,13148381,11660147,2986527,7719226
Cote d'Ivoire,CIV,2023,443,4,0,25263932,13568372,12164304,3138712,7444540
Cote d'Ivoire,CIV,2024,71,0,0,25263932,13568372,12164304,3138712,6710284
Croatia,HRV,2020,208446,3860,977521,25263932,13568372,12164304,3138712,7464936
Croatia,HRV,2021,501232,8633,1441352,4729751,2259393,12164304,3138712,5073945
Croatia,HRV,2022,553839,5090,307282,5354058,2320672,2250557,3138712,620744
Croatia,HRV,2023,46211,1104,0,5435966,2323025,2251809,996098,19522
Croatia,HRV,2024,41549,92,0,5435966,2323025,2251809,996098,13026
Cuba,CUB,2020,11687,145,1490249,5435966,2323025,2251809,996098,14274
Cuba,CUB,2021,953884,8177,3805995,30874044,10448955,9672464,2174094,28063629
Cuba,CUB,2022,146401,208,0,42712336,10719312,10003939,8675091,11971259
Cuba,CUB,2023,1622,0,0,45622024,10768788,10031911,8772388,3306489
Cuba,CUB,2024,68,0,0,45995748,10805570,10053658,8792717,474985
Curacao,CUW,2020,4180,14,0,45995748,10805570,10053658,8792717,520905
Curacao,CUW,2021,16020,173,1342,45995748,10805570,10053658,8792717,359226
Curacao,CUW,2022,25521,112,20758,256029,108601,99955,47473,42562
Curacao,CUW,2023,163,6,0,260324,108601,100885,49213,365
Curacao,CUW,2024,0,0,0,260324,108601,100885,49213,329
Cyprus,CYP,2020,22347,122,1031713,260324,108601,100885,49213,366
Cyprus,CYP,2021,139432,524,18364542,1541159,640890,607884,268304,1428716
Cyprus,CYP,2022,469332,612,10099599,1797542,670969,646021,480552,716390
Cyprus,CYP,2023,44364,136,0,1891597,671193,656138,520026,524505
Cyprus,CYP,2024,33676,103,0,1891597,671193,656138,520026,479958
Czechia,CZE,2020,723577,11888,4224539,1891597,671193,656138,520026,530784
Czechia,CZE,2021,1793803,24444,42936822,15499506,6830499,6661480,2412094,15487627
Czechia,CZE,2022,2062755,5820,7426097,18601404,6977655,6893506,5141790,3102336
Czechia,CZE,2023,166488,1202,0,19025550,6981689,6895727,5560181,426636
Czechia,CZE,2024,73120,379,0,19047108,6982006,6895763,5581388,24916
Democratic Republic of Congo,COD,2020,17657,591,0,19047108,6982006,6895763,5581388,1464
Democratic Republic of Congo,COD,2021,61616,634,0,19047108,6982006,6895763,5581388,128357
Democratic Republic of Congo,COD,2022,15899,237,0,9988117,9145982,6848697,5581388,15440595
Democratic Republic of Congo,COD,2023,4166,6,0,18808672,17045720,14399520,0,15440595
Democratic Republic of Congo,COD,2024,1646,6,0,18808672,17045720,14399520,0,13917687
Denmark,DNK,2020,161230,1256,10540209,18808672,17045720,14399520,0,15482898
Denmark,DNK,2021,622472,2000,43029591,11882638,4693570,4507799,2725924,15440595
Denmark,DNK,2022,2604737,4526,11080113,14929608,4745659,4710877,3613830,15440595
Denmark,DNK,2023,43907,1711,0,14961517,4746522,4712002,3617006,15440595
Denmark,DNK,2024,11661,519,0,14961517,4746522,4712002,3617006,14129202
Djibouti,DJI,2020,5824,61,0,14961517,4746522,4712002,3617006,15482898
Djibouti,DJI,2021,7808,128,0,14961517,4746522,4712002,3617006,15440595
Djibouti,DJI,2022,2058,0,1233,338051,317428,297060,3617006,9807407
Djibouti,DJI,2023,0,0,0,723789,421573,401208,0,4445335
Djibouti,DJI,2024,0,0,0,723789,421573,401208,0,4006891
Dominica,DMA,2020,96,0,0,723789,421573,401208,0,4457514
Dominica,DMA,2021,6718,47,0,723789,421573,401208,0,786278
Dominica,DMA,2022,8946,27,4032,67647,32995,30659,3993,98550
Dominica,DMA,2023,287,0,0,67647,32995,30659,3993,98550
Dominica,DMA,2024,0,0,0,67647,32995,30659,3993,88830
Dominican Republic,DOM,2020,169579,2409,839433,67647,32995,30659,3993,98820
Dominican Republic,DOM,2021,247689,1837,392742,14086551,6938596,5699587,1448368,15529642
Dominican Republic,DOM,2022,241741,138,292157,16171774,7300382,6071623,2513784,2316317
Dominican Republic,DOM,2023,2094,0,0,16431089,7367193,6130483,2575142,471460
Dominican Republic,DOM,2024,0,0,0,16431089,7367193,6130483,2575142,248250
East Timor,TLS,2020,44,0,0,16431089,7367193,6130483,2575142,274500
East Timor,TLS,2021,19793,122,7505,16431089,7367193,6130483,2575142,1001112
East Timor,TLS,2022,3560,16,1649,1984560,878845,790466,2575142,2876565
East Timor,TLS,2023,63,0,0,2028798,886838,801759,340201,2876565
East Timor,TLS,2024,0,0,0,2028798,886838,801759,340201,2592849
Ecuador,ECU,2020,223764,14023,691000,2028798,886838,801759,340201,2884446
Ecuador,ECU,2021,334288,19646,1340504,27566332,14224604,12690467,1127965,28705632
Ecuador,ECU,2022,498949,2279,823724,39296436,15315909,14214551,10331166,12498546
Ecuador,ECU,2023,23650,76,0,39585084,15345791,14249559,10554926,2166688
Ecuador,ECU,2024,10456,31,0,39585084,15345791,14249559,10554926,1850360
Egypt,EGY,2020,136644,7576,0,39585084,15345791,14249559,10554926,2027640
Egypt,EGY,2021,248084,14151,0,52819190,33098284,20627388,10554926,102057634
Egypt,EGY,2022,130805,3075,0,100993230,53731510,40092336,10554926,115902808
Egypt,EGY,2023,490,28,0,112673540,56907320,42337176,15217352,28733530
Egypt,EGY,2024,0,0,0,112673540,56907320,42337176,15217352,26056982
El Salvador,SLV,2020,45960,1327,621580,112673540,56907320,42337176,15217352,28812252
El Salvador,SLV,2021,75781,2496,540510,112673540,56907320,42337176,15217352,19959066
El Salvador,SLV,2022,80044,407,759535,11289175,4652597,4344286,2292292,14941153
El Salvador,SLV,2023,51,0,0,11459448,4659970,4397817,2292292,17153175
El Salvador,SLV,2024,129,0,0,11459448,4659970,4397817,2292292,15555345
England,nan,2020,0,0,0,11459448,4659970,4397817,2292292,13487565
England,nan,2021,0,0,0,11459448,4659970,4397817,2292292,17153175
England,nan,2022,0,0,0,11459448,4659970,4397817,2292292,17153175
England,nan,2023,0,0,0,11459448,4659970,4397817,2292292,16072290
England & Wales,nan,2020,0,0,0,11459448,4659970,4397817,2292292,2443740
England & Wales,nan,2021,0,0,0,11459448,4659970,4397817,2292292,2443740
England & Wales,nan,2022,0,0,0,11459448,4659970,4397817,2292292,2443740
England & Wales,nan,2023,0,0,0,11459448,4659970,4397817,2292292,2490735
England & Wales,nan,2024,0,0,0,11459448,4659970,4397817,2292292,2443740
Equatorial Guinea,GNQ,2020,5277,86,0,11459448,4659970,4397817,2292292,17059185
Equatorial Guinea,GNQ,2021,8433,89,16919,11459448,4659970,4397817,2292292,14232747
Equatorial Guinea,GNQ,2022,3481,8,501,488738,270109,214032,2292292,233235
Equatorial Guinea,GNQ,2023,41,0,0,488738,270109,214032,4597,233235
Equatorial Guinea,GNQ,2024,0,0,0,488738,270109,214032,4597,210231
Eritrea,ERI,2020,1252,1,0,488738,270109,214032,4597,233874
Eritrea,ERI,2021,6730,74,0,488738,270109,214032,4597,233235
Eritrea,ERI,2022,2207,28,0,488738,270109,214032,4597,233235
Eritrea,ERI,2023,0,0,0,488738,270109,214032,4597,233235
Eritrea,ERI,2024,0,0,0,488738,270109,214032,4597,210231
Estonia,EST,2020,31031,284,640608,488738,270109,214032,4597,233602
Estonia,EST,2021,195778,1544,1896215,1808855,842111,827744,331278,1807522
Estonia,EST,2022,367408,899,888241,2101403,868543,861022,590372,292548
Estonia,EST,2023,14364,245,0,2167636,870078,862609,655580,66277
Estonia,EST,2024,4410,26,0,2171520,870202,862739,659366,4826
Eswatini,SWZ,2020,9144,185,0,2171520,870202,862739,659366,2928
Eswatini,SWZ,2021,56688,1114,0,2171520,870202,862739,659366,1881414
Eswatini,SWZ,2022,8189,123,333,773579,507582,342088,659366,2738960
Eswatini,SWZ,2023,1170,5,0,870205,526050,427335,179450,2738960
Eswatini,SWZ,2024,165,0,0,870205,526050,427335,179450,2468816
Ethiopia,ETH,2020,123856,1918,1799426,870205,526050,427335,179450,2746464
Ethiopia,ETH,2021,291587,5008,1727279,10916152,9344163,427335,179450,11289016
Ethiopia,ETH,2022,82531,646,58424,52509416,43111240,36707356,2421781,64661886
Ethiopia,ETH,2023,3143,2,0,68856790,52489510,43653010,5978070,58374450
Ethiopia,ETH,2024,141,0,0,68856790,52489510,43653010,5978070,52616970
Falkland Islands,FLK,2020,29,0,0,68856790,52489510,43653010,5978070,58054590
Falkland Islands,FLK,2021,53,0,0,68856790,52489510,43653010,5978070,58374450
Falkland Islands,FLK,2022,1841,0,0,4407,2632,1775,5978070,58374450
Falkland Islands,FLK,2023,0,0,0,4407,2632,1775,5978070,58374450
Falkland Islands,FLK,2024,0,0,0,4407,2632,1775,5978070,52616970
Faroe Islands,FRO,2020,608,0,0,4407,2632,1775,5978070,58534380
Faroe Islands,FRO,2021,5161,14,0,96235,41437,40528,5978070,8764188
Faroe Islands,FRO,2022,28889,14,7060,103894,41715,40895,21284,34529
Faroe Islands,FRO,2023,0,0,0,103894,41715,40895,21284,15330
Faroe Islands,FRO,2024,0,0,0,103894,41715,40895,21284,13902
Fiji,FJI,2020,49,2,17060,103894,41715,40895,21284,15372
Fiji,FJI,2021,53842,696,385028,1267045,661452,605593,21284,7361110
Fiji,FJI,2022,14859,183,0,1551184,711556,640518,170259,10327675
Fiji,FJI,2023,304,4,0,1555182,712025,641194,172046,10327675
Fiji,FJI,2024,0,0,0,1555182,712025,641194,172046,9365645
Finland,FIN,2020,39087,635,2505181,1555182,712025,641194,172046,10355970
Finland,FIN,2021,327023,1292,6235704,9616819,4275263,4085397,1132671,10417610
Finland,FIN,2022,1091346,6837,2298005,13149072,4523948,4346300,4277426,5269455
Finland,FIN,2023,42257,2644,0,13325665,4524253,4347093,4454319,2161530
Finland,FIN,2024,0,58,0,13327120,4524288,4347113,4455719,1977948
France,FRA,2020,2338258,63534,35881338,13327120,4524288,4347113,4455719,2145773
France,FRA,2021,6371668,60631,160237871,124246740,53230430,49647370,22449023,124244111
France,FRA,2022,29279621,37502,82114791,153458030,54644456,53148864,46747038,29211292
France,FRA,2023,1007943,6318,0,158060080,54677680,53192480,47705542,1084828
France,FRA,2024,0,0,0,158060080,54677680,53192480,47705542,95190
French Guiana,GUF,2020,13045,71,0,158060080,54677680,53192480,47705542,103455
French Guiana,GUF,2021,35354,268,0,158060080,54677680,53192480,47705542,104025
French Guiana,GUF,2022,49480,74,0,158060080,54677680,53192480,47705542,104025
French Guiana,GUF,2023,162,0,0,158060080,54677680,53192480,47705542,104025
French Guiana,GUF,2024,0,0,0,158060080,54677680,53192480,47705542,95190
French Polynesia,PYF,2020,16851,114,0,158060080,54677680,53192480,47705542,103455
French Polynesia,PYF,2021,29574,522,0,158060080,54677680,53192480,47705542,142770
French Polynesia,PYF,2022,31532,13,0,497169,190765,186059,47705542,147825
French Polynesia,PYF,2023,1370,0,0,502952,190908,186803,112237,147825
French Polynesia,PYF,2024,224,1,0,502952,190908,186803,112237,134055
Gabon,GAB,2020,9571,64,0,502952,190908,186803,112237,148230
Gabon,GAB,2021,32227,224,91730,502952,219775,186803,112237,367268
Gabon,GAB,2022,7182,18,2256,572672,311040,257378,112237,542390
Gabon,GAB,2023,71,1,0,572672,311244,257471,2592,542390
Gabon,GAB,2024,5,0,0,572672,311244,257471,2592,488894
Gambia,GMB,2020,3800,124,0,572672,311244,257471,2592,543876
Gambia,GMB,2021,6370,219,0,572672,311244,257471,2592,410265
Gambia,GMB,2022,2416,29,0,815861,548701,454249,31118,156585
Gambia,GMB,2023,40,0,0,1444492,674314,539186,53741,156585
Gambia,GMB,2024,1,0,0,1444492,674314,539186,53741,141141
Georgia,GEO,2020,227420,2505,371383,1444492,674314,539186,53741,157014
Georgia,GEO,2021,707321,11295,10773354,2512858,1363896,1148962,53741,2849483
Georgia,GEO,2022,875086,3103,2507768,2930677,1654504,1276173,80818,671316
Georgia,GEO,2023,47155,238,0,2930677,1654504,1276173,80818,276670
Georgia,GEO,2024,7401,10,0,2930677,1654504,1276173,80818,250898
Germany,DEU,2020,1660178,47009,0,2930677,1654504,1276173,80818,456896
Germany,DEU,2021,5353865,70683,0,153966350,62755976,59158120,34336313,153759431
Germany,DEU,2022,30227893,48046,0,191587060,64864280,63550296,64384901,37620696
Germany,DEU,2023,1195820,9241,0,193241460,64876300,63566136,64791434,887674
Germany,DEU,2024,0,0,0,193241460,64876300,63566136,64791434,315630
Ghana,GHA,2020,55064,335,532027,193241460,64876300,63566136,64791434,345870
Ghana,GHA,2021,91055,971,775321,193241460,64876300,63566136,64791434,11666379
Ghana,GHA,2022,24929,155,17669,21400940,12163179,9183560,64791434,21998550
Ghana,GHA,2023,786,1,0,25624828,13864186,10780003,4806017,21998550
Ghana,GHA,2024,490,1,0,25624828,13864186,10780003,4806017,19828830
Gibraltar,GIB,2020,1785,6,0,25624828,13864186,10780003,4806017,21878010
Gibraltar,GIB,2021,6748,94,0,25624828,13864186,10780003,4806017,759814
Gibraltar,GIB,2022,11772,10,514,132810,42175,41465,49170,71835
Gibraltar,GIB,2023,245,3,0,132810,42175,41465,49170,73730
Gibraltar,GIB,2024,0,0,0,132810,42175,41465,49170,66862
Greece,GRC,2020,139692,4682,2933441,132810,42175,41465,49170,75218
Greece,GRC,2021,945395,15823,32989606,17469496,7469369,7041133,3530076,18312619
Greece,GRC,2022,3938076,14471,12638348,22017132,7932395,7642847,7020281,4547636
Greece,GRC,2023,547200,3445,0,22298982,7937102,7646864,7294103,279621
Greece,GRC,2024,169129,1316,0,22467978,7938031,7647076,7461944,160617
Greenland,GRL,2020,27,0,0,22467978,7938031,7647076,7461944,2928
Greenland,GRL,2021,2474,1,0,22467978,7938031,7647076,7461944,108775
Greenland,GRL,2022,9470,20,0,79738,41227,38511,7461944,6834
Greenland,GRL,2023,0,0,0,79738,41227,38511,7461944,5475
Greenland,GRL,2024,0,0,0,79738,41227,38511,7461944,4965
Grenada,GRD,2020,128,0,0,79738,41227,38511,7461944,5445
Grenada,GRD,2021,5945,200,0,79738,41287,38511,7461944,183481
Grenada,GRD,2022,13598,38,3187,90507,44180,38975,7461944,135818
Grenada,GRD,2023,22,0,0,90686,44241,39034,7411,20075
Grenada,GRD,2024,0,0,0,90686,44241,39034,7411,18095
Guadeloupe,GLP,2020,8620,159,0,90686,44241,39034,7411,19965
Guadeloupe,GLP,2021,47175,676,0,90686,44241,39034,7411,20075
Guadeloupe,GLP,2022,144738,169,0,90686,44241,39034,7411,20075
Guadeloupe,GLP,2023,2702,21,0,90686,44241,39034,7411,20075
Guadeloupe,GLP,2024,0,0,0,90686,44241,39034,7411,18370
Guam,GUM,2020,7129,121,81134,90686,44241,39034,7411,20130
Guam,GUM,2021,8223,149,132992,90686,44241,39034,7411,20075
Guam,GUM,2022,34650,141,109390,90686,44241,39034,7411,20075
Guam,GUM,2023,2291,8,0,90686,44241,39034,7411,20075
Guam,GUM,2024,0,0,0,90686,44241,39034,7411,18095
Guatemala,GTM,2020,137209,4805,609672,90686,44241,39034,7411,20130
Guatemala,GTM,2021,489509,11299,2671329,11310579,6535250,4686883,88446,10955102
Guatemala,GTM,2022,574976,3896,786774,19955568,8855740,7027477,4072352,15963164
Guatemala,GTM,2023,48656,203,0,20383476,8937923,7130895,4302176,2777393
Guatemala,GTM,2024,87,2,0,20383476,8937923,7130895,4302176,2617558
Guernsey,GGY,2020,298,16,0,20383476,8937923,7130895,4302176,2844831
Guernsey,GGY,2021,7504,8,0,20383476,8937923,7130895,4302176,1121576
Guernsey,GGY,2022,26315,37,0,178525,54223,52710,4302176,270550
Guernsey,GGY,2023,1209,6,0,178525,54223,52710,69339,275210
Guernsey,GGY,2024,0,0,0,178525,54223,52710,69339,248066
Guinea,GIN,2020,13722,81,0,178525,54223,52710,69339,275964
Guinea,GIN,2021,18726,310,0,2952253,2026767,925486,69339,3680807
Guinea,GIN,2022,5776,76,0,8749048,6087292,3293736,223977,1059253
Guinea,GIN,2023,348,1,0,12049511,8715641,5853990,425378,190530
Guinea,GIN,2024,10,0,0,12049511,8715641,5853990,425378,171738
Guinea-Bissau,GNB,2020,2452,45,0,12049511,8715641,5853990,425378,189486
Guinea-Bissau,GNB,2021,4032,104,0,12049511,8715641,5853990,425378,242786
Guinea-Bissau,GNB,2022,2463,27,390,592609,543650,361350,425378,605170
Guinea-Bissau,GNB,2023,667,1,0,920752,747057,547637,76359,605170
Guinea-Bissau,GNB,2024,0,0,0,920752,747057,547637,76359,545482
Guyana,GUY,2020,6301,164,0,920752,747057,547637,76359,606828
Guyana,GUY,2021,32937,887,0,920752,747057,547637,76359,875573
Guyana,GUY,2022,32848,235,0,953690,493404,380118,80168,17383146
Guyana,GUY,2023,1597,13,0,967861,497550,384507,82864,21313810
Guyana,GUY,2024,808,3,0,967861,497550,384507,82864,19211626
Haiti,HTI,2020,9999,236,0,967861,497550,384507,82864,21372204
Haiti,HTI,2021,16170,537,0,967861,497550,384507,82864,12719607
Haiti,HTI,2022,7800,87,598,510611,398517,237406,82864,1561470
Haiti,HTI,2023,259,0,0,680104,521396,366339,82864,1561470
Haiti,HTI,2024,369,0,0,680104,521396,366339,82864,1407462
High-income countries,nan,2020,40909926,890287,0,13851778,28690502,9509820,15061409,8570626.459
High-income countries,nan,2021,93262136,1152855,0,2083190400,936531600,867394700,314549360,2069338663
High-income countries,nan,2022,269409054,730820,0,2785106000,995086500,932686460,812996086,701915513
High-income countries,nan,2023,24333472,191747,0,2916578600,999822660,937238460,846039898,131472523.3
High-income countries,nan,2024,1688210,56602,0,2918183200,999826560,937240300,847456148,1604853.23
Honduras,HND,2020,120932,3111,0,2918183200,999826560,937240300,847456148,122.00000243999999
Honduras,HND,2021,258630,7325,0,2918183200,999826560,937240300,847456148,17400110
Honduras,HND,2022,86373,637,0,16788824,6443311,5758291,4491359,29588725
Honduras,HND,2023,6832,43,0,17074860,6596213,5853689,4872295,29588725
Honduras,HND,2024,163,0,0,17074860,6596213,5853689,4872295,26670385
Hong Kong,HKG,2020,0,0,0,17074860,6596213,5853689,4872295,29669790
Hong Kong,HKG,2021,0,0,0,17074860,6596213,5853689,4872295,14222876
Hong Kong,HKG,2022,0,0,0,20338750,6908608,6787540,6642602,10433702
Hong Kong,HKG,2023,0,0,0,20924354,6918468,6802193,7203693,617239
Hong Kong,HKG,2024,0,0,0,21012392,6920057,6803288,7289047,143357
Hungary,HUN,2020,322514,9537,2227027,21012392,6920057,6803288,7289047,119316
Hungary,HUN,2021,933901,29649,6491492,15074636,6920057,6803288,7289047,28717424
Hungary,HUN,2022,929401,9309,2225201,16701238,6420354,6206710,4301834,34137355
Hungary,HUN,2023,41343,496,0,16701238,6420354,6206710,4301834,34137355
Hungary,HUN,2024,9783,113,0,16701238,6420354,6206710,4301834,31238018
Iceland,ISL,2020,5743,28,241454,16701238,6420354,6206710,4301834,34230882
Iceland,ISL,2021,18463,9,605487,716926,288241,6206710,4301834,5621970
Iceland,ISL,2022,183007,149,526844,805469,309770,290193,250542,702625
Iceland,ISL,2023,2578,0,0,903424,309770,297934,287652,702625
Iceland,ISL,2024,919,0,0,903424,309770,297934,287652,642950
India,IND,2020,10266679,148738,169976713,903424,309770,297934,287652,704550
India,IND,2021,24572130,332342,495771195,1448865400,845640600,603224800,287652,1477356079
India,IND,2022,9840329,49622,173050730,2200990000,1027200960,951207400,222581622,755154677
India,IND,2023,334788,2659,0,2206751700,1027420540,951987260,227343882,5790205
India,IND,2024,31284,296,0,2206868000,1027438900,951990500,227438524,111244
Indonesia,IDN,2020,743202,22138,0,2206868000,1027438900,951990500,227438524,2562
Indonesia,IDN,2021,3519522,121956,34511405,2206868000,1027438900,951990500,227438524,275586594
Indonesia,IDN,2022,2457095,16518,17017573,443173920,203575060,172533760,227438524,149014378
Indonesia,IDN,2023,101955,1360,0,448199870,204419400,174965140,69356250,0
Indonesia,IDN,2024,8115,91,0,448199870,204419400,174965140,69356250,0
Iran,IRN,2020,1218753,55095,4122265,448199870,204419400,174965140,69356250,0
Iran,IRN,2021,4973945,76477,11228880,448199870,204419400,174965140,69356250,156750872
Iran,IRN,2022,1368360,13110,2723287,154773070,65113292,58514580,28227908,35911326
Iran,IRN,2023,64405,2075,0,155461760,65199830,58585264,31352288,11594225
Iran,IRN,2024,2400,80,0,155461760,65199830,58585264,31352288,10609510
Iraq,IRQ,2020,594442,12808,3714327,155461760,65199830,58585264,31352288,11625990
Iraq,IRQ,2021,1498994,11346,8827210,155461760,65199830,58585264,31352288,5691845
Iraq,IRQ,2022,371937,1220,454814,19552980,11332925,7944775,31352288,5359025
Iraq,IRQ,2023,172,1,0,19557364,11332925,7944775,275280,6147695
Iraq,IRQ,2024,0,0,0,19557364,11332925,7944775,275280,5541347
Ireland,IRL,2020,89517,2264,2368553,19557364,11332925,7944775,275280,6164538
Ireland,IRL,2021,662914,3820,7650872,19557364,11332925,7944775,2279845,9667212
Ireland,IRL,2022,939715,2407,2321431,11109230,4107806,4062496,3180229,1250946
Ireland,IRL,2023,36807,963,0,11145135,4111483,4065424,3209531,36116
Ireland,IRL,2024,22392,451,0,11148281,4112237,4065584,3211763,4734
Isle of Man,IMN,2020,379,35,0,11148281,4112237,4065584,3211763,2904
Isle of Man,IMN,2021,14987,32,0,11148281,4112237,4065584,3211763,162568
Isle of Man,IMN,2022,22642,49,0,189994,69560,67106,53328,19255
Isle of Man,IMN,2023,0,0,0,189994,69560,67106,53328,365
Isle of Man,IMN,2024,0,0,0,189994,69560,67106,53328,329
Israel,ISR,2020,419661,3336,7889431,992320,992314,67106,53328,992599
Israel,ISR,2021,962275,4923,25904345,16786452,6581194,5942734,4262524,15794132
Israel,ISR,2022,3381658,3805,17986238,18609154,6722195,6158460,5728499,1812529
Israel,ISR,2023,77964,643,0,18852564,7055466,6385731,5766304,54797
Israel,ISR,2024,0,0,0,18852564,7055466,6385731,5766304,21042
Italy,ITA,2020,2083689,73604,26442304,18852564,7055466,6385731,5766304,56282
Italy,ITA,2021,3897739,63643,113538999,111400260,48486480,44709910,19708182,111359585
Italy,ITA,2022,19187010,47545,84738542,144048320,50928932,47939988,47036385,32648076
Italy,ITA,2023,1493181,10788,0,150321540,50936720,49484584,47765365,561552
Italy,ITA,2024,164867,1962,0,150321540,50936720,49484584,47765365,8684
Jamaica,JAM,2020,12793,302,126880,150321540,50936720,49484584,47765365,9516
Jamaica,JAM,2021,80798,2168,211007,150321540,50936720,49484584,47765365,1477933
Jamaica,JAM,2022,59200,994,214181,1506682,843447,743499,45503,408177
Jamaica,JAM,2023,3855,136,0,1529113,859773,760800,46065,116800
Jamaica,JAM,2024,691,20,0,1529113,859773,760800,46065,105920
Japan,JPN,2020,230304,3414,4486717,1529113,859773,760800,46065,117120
Japan,JPN,2021,1503484,14979,23506318,201971470,101215830,99712080,1043564,202563180
Japan,JPN,2022,27371282,39120,25511906,373165250,104558120,103154350,165452792,171193784
Japan,JPN,2023,4698502,17195,0,433356600,104740060,103455224,175662262,10964466
Japan,JPN,2024,0,0,0,433356600,104740060,103455224,175662262,531255
Jersey,JEY,2020,2727,42,0,433356600,104740060,103455224,175662262,582615
Jersey,JEY,2021,16689,47,0,433356600,104740060,103455224,175662262,585825
Jersey,JEY,2022,46368,57,0,266239,84338,81838,73623,585825
Jersey,JEY,2023,607,15,0,266953,84365,81882,73662,585825
Jersey,JEY,2024,0,0,0,266953,84365,81882,73662,528045
Jordan,JOR,2020,293067,3815,1423818,266953,84365,81882,73662,587430
Jordan,JOR,2021,768493,8805,5516036,8265793,4331942,3933851,73662,7631810
Jordan,JOR,2022,685437,1502,627739,10057975,4821579,4558313,682211,6472859
Jordan,JOR,2023,0,0,0,10057975,4821579,4558313,682211,5994395
Jordan,JOR,2024,0,0,0,10057975,4821579,4558313,682211,5436013
Kazakhstan,KAZ,2020,200443,2749,5488375,10057975,4821579,4558313,682211,6010818
Kazakhstan,KAZ,2021,871594,15478,6304051,17501272,8986163,8515110,682211,23274281
Kazakhstan,KAZ,2022,421499,831,0,20918680,10849289,10613754,2514071,7528809
Kazakhstan,KAZ,2023,9669,14,0,38355604,10858101,10629063,2514071,4559580
Kazakhstan,KAZ,2024,1165,0,0,38355604,10858101,10629063,2514071,4134852
Kenya,KEN,2020,96251,1667,571950,38355604,10858101,10629063,2514071,4572072
Kenya,KEN,2021,195986,3709,1779,38355604,10858101,10629063,2514071,13451889
Kenya,KEN,2022,50233,312,36703,23063540,14213956,10832419,1756954,11631220
Kenya,KEN,2023,1640,1,0,23750432,14494372,11090440,2000636,5001230
Kenya,KEN,2024,19,0,0,23750432,14494372,11090440,2000636,4507958
Kiribati,KIR,2020,0,0,0,23750432,14494372,11090440,2000636,5014932
Kiribati,KIR,2021,0,0,0,23750432,14494372,11090440,2000636,5001230
Kiribati,KIR,2022,3430,13,0,193491,96184,73888,2000636,5001230
Kiribati,KIR,2023,1655,11,0,219980,100900,81474,37606,5001230
Kiribati,KIR,2024,0,0,0,219980,100900,81474,37606,4507958
Kuwait,KWT,2020,150298,933,1027832,219980,100900,81474,37606,5014932
Kuwait,KWT,2021,266333,1535,4620492,6942690,3334421,3216700,380911,4994102
Kuwait,KWT,2022,246287,102,1730724,8255386,3454823,3343442,1457121,3079510
Kuwait,KWT,2023,3668,0,0,8261221,3457498,3346176,1457547,34835
Kuwait,KWT,2024,704,0,0,8261221,3457498,3346176,1457547,17212
Kyrgyzstan,KGZ,2020,0,0,0,8261221,3457498,3346176,1457547,19032
Kyrgyzstan,KGZ,2021,68891,860,0,8261221,3457498,3346176,1457547,1774711
Kyrgyzstan,KGZ,2022,19564,164,0,3369942,1637053,1361199,1457547,1120879
Kyrgyzstan,KGZ,2023,488,0,0,3661335,1736541,1406016,1457547,635024
Kyrgyzstan,KGZ,2024,10,0,0,3661335,1736541,1406016,1457547,958907
Laos,LAO,2020,41,0,0,3661335,1736541,1406016,1457547,1060302
Laos,LAO,2021,111019,372,849190,5830021,3744740,3099003,1457547,5234579
Laos,LAO,2022,106716,299,181047,11111066,5888649,5222417,1457547,5984566
Laos,LAO,2023,1130,0,0,11111066,5888649,5222417,1457547,4235095
Laos,LAO,2024,154,0,0,11111066,5888649,5222417,1457547,3817387
Latvia,LVA,2020,36330,632,877015,11111066,5888649,5222417,1457547,4063389
Latvia,LVA,2021,235099,4183,4679474,2555555,1314123,1262507,258489,2553219
Latvia,LVA,2022,699090,2196,1707077,2895716,1346184,1305976,529562,353665
Latvia,LVA,2023,7182,454,0,2979624,1346184,1305976,550901,28105
Latvia,LVA,2024,64,10,0,2979624,1346184,1305976,550901,25718
Lebanon,LBN,2020,177996,1443,0,2979624,1346184,1305976,550901,28182
Lebanon,LBN,2021,545644,7659,237492,4379487,2252750,1831322,550901,4145886
Lebanon,LBN,2022,499021,1645,0,5814699,2740227,2414223,660249,74248035
Lebanon,LBN,2023,17243,200,0,5814699,2740227,2414223,660249,106628180
Lebanon,LBN,2024,0,0,0,5814699,2740227,2414223,660249,96695692
Lesotho,LSO,2020,2577,64,0,5814699,2740227,2414223,660249,106920312
Lesotho,LSO,2021,27075,607,0,5814699,2740227,2414223,660249,106628180
Lesotho,LSO,2022,4838,35,553,1259488,998183,925976,660249,106628180
Lesotho,LSO,2023,1648,3,0,1339097,1014073,938088,177816,106628180
Lesotho,LSO,2024,0,0,0,1339097,1014073,938088,177816,96111428
Liberia,LBR,2020,1854,89,0,1339097,1014073,938088,177816,106920312
Liberia,LBR,2021,4730,198,0,1339097,1014073,938088,177816,49025225
Liberia,LBR,2022,1469,7,0,4460668,3903802,3730967,177816,3008330
Liberia,LBR,2023,37,1,0,4460668,3903802,3730967,1987,3008330
Liberia,LBR,2024,2,0,0,4460668,3903802,3730967,1987,2711618
Libya,LBY,2020,99935,1459,440187,4460668,3903802,3730967,1987,3016572
Libya,LBY,2021,288248,4237,1222135,4460668,3903802,3730967,1987,7882329
Libya,LBY,2022,118959,741,318215,3716080,2308724,1229888,177468,2765020
Libya,LBY,2023,127,0,0,3739158,2316327,1236102,186729,219730
Libya,LBY,2024,0,0,0,3739158,2316327,1236102,186729,198058
Liechtenstein,LIE,2020,2223,44,20939,3739158,2316327,1236102,186729,220332
Liechtenstein,LIE,2021,4067,25,67623,63015,26157,1236102,12173,78883
Liechtenstein,LIE,2022,15013,18,2070,74154,26763,1236102,21925,14683
Liechtenstein,LIE,2023,264,1,0,74337,26771,1236102,22087,19710
Liechtenstein,LIE,2024,42,1,0,74337,26771,1236102,22087,17874
Lithuania,LTU,2020,145051,1800,1641368,74337,26771,1236102,22087,26886
Lithuania,LTU,2021,379375,5597,5264614,4131857,1917809,1832177,652028,4122357
Lithuania,LTU,2022,763996,2085,1812204,4539926,1956439,1879896,943381,427764
Lithuania,LTU,2023,79725,291,0,4603092,1958150,1881066,948371,70655
Lithuania,LTU,2024,48425,85,0,4604858,1958299,1881106,948621,2567
Low-income countries,nan,2020,368391,9801,0,4604858,1958299,18187644,1239533,666
Low-income countries,nan,2021,1155488,28184,0,76060390,55824584,45365280,1239533,75439676.4
Low-income countries,nan,2022,371941,5281,0,240382660,176754770,149556290,15539038,164322268.2
Low-income countries,nan,2023,41484,230,0,314008540,221192340,189876560,29829454,73625893.57
Low-income countries,nan,2024,7619,35,0,314008540,221192340,189876560,29829454,0
Lower-middle-income countries,nan,2020,16384430,298392,0,314008540,221192340,189876560,49437607,0
Lower-middle-income countries,nan,2021,45707436,752568,0,2575388200,1474617500,1089097900,67233845,2575046621
Lower-middle-income countries,nan,2022,28843700,127874,0,4357093400,2041002800,1825451800,556984206,1781705075
Lower-middle-income countries,nan,2023,1022201,8766,0,4532152300,2098805200,1892521600,613834892,175058854.3
Lower-middle-income countries,nan,2024,75080,518,0,4532334600,2098826000,1892533100,613985430,183431.9167
Luxembourg,LUX,2020,38383,285,1651637,4532334600,2098826000,1892533100,613985430,3791
Luxembourg,LUX,2021,57505,350,2171646,1076484,464399,37868,208928,1145366
Luxembourg,LUX,2022,268979,320,476597,1371220,481897,37868,455928,329954
Luxembourg,LUX,2023,25170,45,0,1374547,481957,37868,459119,4727
Luxembourg,LUX,2024,6379,0,0,1374547,481957,37868,459119,668
Macao,MAC,2020,0,0,0,1374547,481957,37868,459119,732
Macao,MAC,2021,0,0,0,1374547,493104,461609,459119,1109667
Macao,MAC,2022,0,0,0,1785391,676504,638637,470250,649662
Macao,MAC,2023,0,0,0,1802985,679703,642266,481016,131152
Macao,MAC,2024,0,0,0,1802985,679703,642266,481016,14052
Madagascar,MDG,2020,17714,261,28934,1802985,679703,642266,481016,428586
Madagascar,MDG,2021,32565,766,96542,1802985,679703,642266,481016,2902015
Madagascar,MDG,2022,17471,391,0,2426238,2099998,2024371,481016,4943560
Madagascar,MDG,2023,732,8,0,3092063,2710365,2628849,169187,4943560
Madagascar,MDG,2024,100,2,0,3092063,2710365,2628849,169187,4455976
Malawi,MWI,2020,6471,189,57004,3092063,2710365,2628849,169187,4957104
Malawi,MWI,2021,67730,2166,19492,3092063,2710365,2628849,169187,3035248
Malawi,MWI,2022,14104,330,6734,6367571,4587043,3094056,509839,4494645
Malawi,MWI,2023,957,1,0,8503954,5433538,4288014,1232829,5169495
Malawi,MWI,2024,0,0,0,8503954,5433538,4288014,1232829,4659627
Malaysia,MYS,2020,110485,463,4317441,8503954,5433538,4288014,1232829,5183658
Malaysia,MYS,2021,2647601,31024,37528299,57849310,26035992,25665444,6348428,58628207
Malaysia,MYS,2022,2268078,5370,18801816,72357380,28123088,27536576,16915959,14508065
Malaysia,MYS,2023,201158,436,0,72647030,28137594,27550624,17177061,289998
Malaysia,MYS,2024,95356,58,0,72657256,28138564,27551144,17185802,10578
Maldives,MDV,2020,13765,48,306372,72657256,28138564,27551144,17185802,1089
Maldives,MDV,2021,81943,214,1563957,72657256,28138564,27551144,17185802,813038
Maldives,MDV,2022,89993,49,340784,951419,399151,385081,167187,637786
Maldives,MDV,2023,1001,5,0,951764,399308,385167,167289,614295
Maldives,MDV,2024,0,0,0,951764,399308,385167,167289,557073
Mali,MLI,2020,7029,269,0,951764,399308,385167,167289,615978
Mali,MLI,2021,13641,389,0,1057653,877525,392809,167289,614295
Mali,MLI,2022,12100,85,605,4468360,3304126,2673079,167289,614295
Mali,MLI,2023,394,0,0,5922585,4354292,3633589,0,614295
Mali,MLI,2024,16,0,0,5922585,4354292,3633589,0,553707
Malta,MLT,2020,12616,227,400937,5922585,4354292,3633589,0,615978
Malta,MLT,2021,34820,266,1034105,5922585,4354292,3633589,0,1089440
Malta,MLT,2022,68801,341,401996,1376966,478553,471326,0,304484
Malta,MLT,2023,4903,89,0,1407850,478951,471562,491718,8376
Malta,MLT,2024,2424,244,0,1408793,478953,471565,492656,6346
Marshall Islands,MHL,2020,4,0,94,1408793,478953,471565,492656,6897
Marshall Islands,MHL,2021,0,0,3090,1408793,478953,471565,492656,6935
Marshall Islands,MHL,2022,15540,17,0,1408793,478953,471565,492656,6935
Marshall Islands,MHL,2023,594,0,0,1408793,478953,471565,492656,6935
Marshall Islands,MHL,2024,159,0,0,1408793,478953,471565,492656,6251
Martinique,MTQ,2020,6072,42,0,1408793,478953,471565,492656,6897
Martinique,MTQ,2021,43297,741,0,1408793,478953,471565,492656,6935
Martinique,MTQ,2022,178435,301,0,1408793,478953,471565,492656,6935
Martinique,MTQ,2023,2550,20,0,1408793,478953,471565,492656,6935
Martinique,MTQ,2024,0,0,0,1408793,478953,471565,492656,6346
Mauritania,MRT,2020,14191,340,21560,1408793,478953,471565,492656,6954
Mauritania,MRT,2021,26963,523,1869,1937226,1166230,767082,492656,813046
Mauritania,MRT,2022,22321,134,21776,4066473,2098993,1537298,492656,1378605
Mauritania,MRT,2023,482,0,0,4075874,2103754,1540597,383937,1378605
Mauritania,MRT,2024,92,0,0,4075874,2103754,1540597,383937,1242633
Mauritius,MUS,2020,527,10,0,4075874,2103754,1540597,383937,1382382
Mauritius,MUS,2021,90567,776,0,4075874,2103754,1540597,383937,2727773
Mauritius,MUS,2022,201095,254,0,2612729,1123773,1088142,639407,12830845
Mauritius,MUS,2023,31531,20,0,2616012,1123773,1088142,654507,12830845
Mauritius,MUS,2024,5574,14,0,2616012,1123773,1088142,654507,11635643
Mayotte,MYT,2020,5890,55,0,2616012,1123773,1088142,654507,12760539
Mayotte,MYT,2021,16896,130,0,2616012,1123773,1088142,654507,12830845
Mayotte,MYT,2022,20082,2,0,2616012,1123773,1088142,654507,12830845
Mayotte,MYT,2023,34,0,0,2616012,1123773,1088142,654507,12830845
Mayotte,MYT,2024,0,0,0,2616012,1123773,1088142,654507,11741102
Mexico,MEX,2020,1496067,147623,3460436,2616012,1123773,1088142,654507,12750029
Mexico,MEX,2021,2538755,156199,8583095,148814260,81916010,72780350,654507,228894687
Mexico,MEX,2022,3236805,27677,3525933,223158990,97179496,81849960,57014052,132871522
Mexico,MEX,2023,336789,2627,0,223158990,97179496,81849960,57014052,57654670
Mexico,MEX,2024,14002,676,0,223158990,97179496,81849960,57014052,52757972
Micronesia (country),FSM,2020,0,0,0,223158990,97179496,81849960,57014052,57338754
Micronesia (country),FSM,2021,0,0,0,223158990,97179496,81849960,57014052,57654670
Micronesia (country),FSM,2022,22234,58,0,223158990,97179496,81849960,57014052,57654670
Micronesia (country),FSM,2023,4318,7,0,223158990,97179496,81849960,57014052,57654670
Micronesia (country),FSM,2024,5305,0,0,223158990,97179496,81849960,57014052,51968182
Moldova,MDA,2020,143841,3110,193945,223158990,97179496,81849960,57014052,57812628
Moldova,MDA,2021,231939,7159,1847551,223158990,97179496,81849960,57014052,13798543
Moldova,MDA,2022,220678,1664,518841,2266205,1104450,1073914,57014052,775730
Moldova,MDA,2023,34603,241,0,2293086,1109524,1078961,406022,393835
Moldova,MDA,2024,19705,108,0,2293086,1109524,1078961,406022,357149
Monaco,MCO,2020,726,3,0,2293086,1109524,1078961,406022,394914
Monaco,MCO,2021,4320,35,0,65140,1109524,1078961,406022,393835
Monaco,MCO,2022,11428,27,0,65140,28875,25667,10598,393835
Monaco,MCO,2023,707,2,0,71929,28875,25667,17747,393835
Monaco,MCO,2024,0,0,0,71929,28875,25667,17747,357149
Mongolia,MNG,2020,1215,1,491305,71929,28875,25667,17747,394914
Mongolia,MNG,2021,691904,1985,4881144,5340605,2265984,2163572,911049,11931218
Mongolia,MNG,2022,314303,150,117744,5492919,2272965,2175617,1044337,429813
Mongolia,MNG,2023,3912,0,0,5668144,2284018,2185282,1058839,401500
Mongolia,MNG,2024,155,0,0,5668144,2284018,2185282,1058839,364100
Montenegro,MNE,2020,35210,543,0,5668144,2284018,2185282,1058839,399300
Montenegro,MNE,2021,122800,1733,0,5668144,2284018,2185282,1058839,775773
Montenegro,MNE,2022,85963,340,0,679171,292783,284869,101519,83241
Montenegro,MNE,2023,7307,38,0,679171,292783,284869,101519,97090
Montenegro,MNE,2024,0,0,0,679171,292783,284869,101519,88844
Montserrat,MSR,2020,13,1,0,679171,292783,284869,101519,96558
Montserrat,MSR,2021,32,0,0,679171,292783,284869,101519,97090
Montserrat,MSR,2022,1358,7,0,4619,2104,1952,101519,97090
Montserrat,MSR,2023,0,0,0,4619,2104,1952,563,97090
Montserrat,MSR,2024,0,0,0,4619,2104,1952,563,87514
Morocco,MAR,2020,437332,7355,4382058,4619,2104,1952,563,97356
Morocco,MAR,2021,523726,7489,4932094,50265580,24630172,22994608,563,70184398
Morocco,MAR,2022,310490,1450,1173553,55357504,25015240,23515876,6864954,16317025
Morocco,MAR,2023,6721,6,0,55389600,25020168,23521988,6925973,416668
Morocco,MAR,2024,846,5,0,55389600,25020168,23521988,6925973,396116
Mozambique,MOZ,2020,18485,165,267432,55389600,25020168,23521988,6925973,440664
Mozambique,MOZ,2021,165734,1831,660850,55389600,25020168,23521988,6925973,8983092
Mozambique,MOZ,2022,46820,236,15769,29140428,18581292,18448526,6925973,107971380
Mozambique,MOZ,2023,2692,18,0,34950856,22869646,21329744,2323562,107971380
Mozambique,MOZ,2024,114,2,0,34950856,22869646,21329744,2323562,97322148
Myanmar,MMR,2020,124630,2682,1743763,34950856,22869646,21329744,2323562,108267192
Myanmar,MMR,2021,406204,16586,2500373,34950856,22869646,21329744,2323562,8979312
Myanmar,MMR,2022,102849,222,412324,64549990,34777310,27545328,2323562,1387000
Myanmar,MMR,2023,7765,4,0,93477100,41551930,35937796,15987381,1387000
Myanmar,MMR,2024,1786,0,0,93477100,41551930,35937796,15987381,1250200
Namibia,NAM,2020,23932,208,199795,93477100,41551930,35937796,15987381,1390800
Namibia,NAM,2021,124907,3437,599977,93477100,41551930,35937796,15987381,1134285
Namibia,NAM,2022,21513,437,47299,972893,602754,526072,15987381,1400505
Namibia,NAM,2023,1897,21,0,1005937,629767,550978,298560,1400505
Namibia,NAM,2024,307,7,0,1005937,629767,550978,298560,1270047
Nauru,NRU,2020,0,0,0,1005937,629767,550978,298560,1392831
Nauru,NRU,2021,0,0,0,1005937,629767,550978,298560,420882
Nauru,NRU,2022,4621,1,0,25172,11522,8585,298560,61320
Nauru,NRU,2023,772,0,0,32157,13106,11346,7705,61320
Nauru,NRU,2024,0,0,0,32157,13106,11346,7705,55272
Nepal,NPL,2020,260596,2758,1907913,32157,13106,11346,7705,61488
Nepal,NPL,2021,567838,8836,3664183,21988516,12251183,9737333,7705,24715568
Nepal,NPL,2022,172569,425,830807,60184004,27566724,24057020,8674375,39766502
Nepal,NPL,2023,2450,12,0,62627628,27883196,24471044,10273390,12140630
Nepal,NPL,2024,0,0,0,62627628,27883196,24471044,10273390,10943198
Netherlands,NLD,2020,773198,11539,6230581,62627628,27883196,24471044,10273390,12173892
Netherlands,NLD,2021,2312304,9421,15877916,62627628,27883196,24471044,10273390,12140630
Netherlands,NLD,2022,5480565,2016,8578849,39558524,12578379,11764835,9392949,12140630
Netherlands,NLD,2023,61332,10,0,39764184,12582081,11768644,9416761,12140630
Netherlands,NLD,2024,14957,0,0,39764184,12582081,11768644,9416761,11109508
New Caledonia,NCL,2020,38,0,0,39764184,12582081,11768644,9416761,12074106
New Caledonia,NCL,2021,12890,281,0,39764184,12582081,11768644,9416761,12140630
New Caledonia,NCL,2022,66649,33,0,469996,191672,184123,9416761,12140630
New Caledonia,NCL,2023,488,0,0,480702,192375,184816,103511,12140630
New Caledonia,NCL,2024,139,0,0,480702,192375,184816,103511,11009722
New Zealand,NZL,2020,1807,25,1288433,480702,192375,184816,103511,12173892
New Zealand,NZL,2021,11939,26,2690895,8185416,3971242,3856157,358017,9682179
New Zealand,NZL,2022,2043704,2280,278746,11956243,4299798,4138492,3517953,3770827
New Zealand,NZL,2023,382925,1292,0,12346898,4302330,4291717,3660870,3182355
New Zealand,NZL,2024,216587,847,0,13382576,4302330,4291717,4929069,3820292
Nicaragua,NIC,2020,4829,165,0,13382576,4302330,4291717,4929069,4186308
Nicaragua,NIC,2021,8734,52,0,13382576,4879356,4291717,4929069,4174870
Nicaragua,NIC,2022,1802,28,0,12098543,6167575,5930968,0,2150344
Nicaragua,NIC,2023,750,0,0,15507763,6404524,6126708,2892531,0
Nicaragua,NIC,2024,81,0,0,15507763,6404524,6126708,2892531,0
Niger,NER,2020,3208,101,0,15507763,6404524,6126708,2892531,0
Niger,NER,2021,4157,173,0,15507763,6404524,6126708,2892531,0
Niger,NER,2022,2129,40,1713,7187711,6072321,5308074,2892531,0
Niger,NER,2023,21,1,0,7372208,6248483,5483001,0,0
Niger,NER,2024,13,0,0,7372208,6248483,5483001,0,0
Nigeria,NGA,2020,86576,1278,511053,7372208,6248483,5483001,0,0
Nigeria,NGA,2021,154937,1752,191002,14838199,10310476,5483001,0,45467705
Nigeria,NGA,2022,24937,125,0,102292640,72354410,59867076,8311272,76940399
Nigeria,NGA,2023,738,0,0,133048024,93829430,81297810,16826715,67907155
Nigeria,NGA,2024,1,0,0,133048024,93829430,81297810,16826715,61209463
Niue,NIU,2020,0,0,0,133048024,93829430,81297810,16826715,67535061
Niue,NIU,2021,0,0,0,133048024,93829430,81297810,16826715,67907155
Niue,NIU,2022,458,0,0,4920,1636,1634,16826715,67907155
Niue,NIU,2023,535,0,0,4923,1638,1635,1225,67907155
Niue,NIU,2024,99,0,0,4923,1638,1635,1225,61209463
North Korea,PRK,2020,0,0,3189,4923,1638,1635,1225,67535061
North Korea,PRK,2021,0,0,0,4923,1638,1635,1225,67907155
North Korea,PRK,2022,0,0,0,4923,1638,1635,1225,67907155
North Korea,PRK,2023,0,0,0,4923,1638,1635,1225,67907155
North Korea,PRK,2024,0,0,0,4923,1638,1635,1225,61209463
North Macedonia,MKD,2020,81796,2896,398977,4923,1638,1635,1225,67535061
North Macedonia,MKD,2021,141513,5456,347600,1755026,842871,816777,95378,19583463
North Macedonia,MKD,2022,122279,1524,52754,1862610,854452,838048,161561,1412185
North Macedonia,MKD,2023,4728,89,0,1862987,854570,838181,161633,1412185
North Macedonia,MKD,2024,1743,25,0,1862987,854570,838181,161633,1280639
Northern Ireland,nan,2020,0,0,0,1862987,854570,838181,161633,1187783
Northern Ireland,nan,2021,0,0,0,1862987,854570,838181,161633,1412185
Northern Ireland,nan,2022,0,0,0,1862987,854570,838181,161633,1412185
Northern Ireland,nan,2023,0,0,0,1862987,854570,838181,161633,1346412
Northern Ireland,nan,2024,0,0,0,1862987,854570,838181,161633,201188
Northern Mariana Islands,MNP,2020,122,2,27096,1862987,854570,838181,161633,1404447
Northern Mariana Islands,MNP,2021,3133,11,32014,1862987,854570,838181,161633,1412185
Northern Mariana Islands,MNP,2022,9981,28,0,1862987,854570,838181,161633,1412185
Northern Mariana Islands,MNP,2023,1105,0,0,1862987,854570,838181,161633,1412185
Northern Mariana Islands,MNP,2024,644,0,0,1862987,854570,838181,161633,1272901
Norway,NOR,2020,49785,436,2737139,1862987,854570,838181,161633,1329503
Norway,NOR,2021,345124,958,6519578,9789464,4292402,3929338,1567724,9787042
Norway,NOR,2022,1080762,3442,1897847,12145560,4346995,4054726,3743839,2333515
Norway,NOR,2023,28258,896,0,13020641,4346995,4061312,3743839,1095
Norway,NOR,2024,24069,0,0,13020641,4346995,4061312,3743839,1002
Oman,OMN,2020,128719,1497,0,13020641,4346995,4061312,3743839,5888
Oman,OMN,2021,176770,2986,0,6118018,3121894,4061312,3743839,1182901
Oman,OMN,2022,93819,145,0,7108547,3279632,3048826,779859,1332250
Oman,OMN,2023,141,0,0,7108547,3279632,3048826,779859,1332250
Oman,OMN,2024,0,0,0,7108547,3279632,3048826,779859,1208150
Pakistan,PAK,2020,477240,10047,6563579,7108547,3279632,3048826,779859,1335900
Pakistan,PAK,2021,817621,18874,12644423,156623020,96980680,70576460,779859,180052683
Pakistan,PAK,2022,280790,1714,1869136,317080900,154665740,131368980,48935695,182435042
Pakistan,PAK,2023,4980,21,0,340974140,165567890,140475870,53152375,30447205
Pakistan,PAK,2024,0,0,0,340974140,165567890,140475870,53152375,27444193
Palau,PLW,2020,0,0,0,340974140,165567890,140475870,53152375,30280371
Palau,PLW,2021,12,0,0,340974140,165567890,140475870,53152375,30447205
Palau,PLW,2022,5959,9,0,340974140,165567890,140475870,53152375,30447205
Palau,PLW,2023,296,0,0,340974140,165567890,140475870,53152375,30447205
Palau,PLW,2024,107,1,0,340974140,165567890,140475870,53152375,27444193
Palestine,PSE,2020,154097,1500,639122,340974140,165567890,140475870,53152375,30530622
Palestine,PSE,2021,316206,3431,1857387,340974140,165567890,140475870,53152375,10969496
Palestine,PSE,2022,232925,777,554009,3748571,2012767,1776973,336967,3105566
Palestine,PSE,2023,0,0,0,3748571,2012767,1776973,336967,0
Palestine,PSE,2024,0,0,0,3748571,2012767,1776973,336967,0
Panama,PAN,2020,238279,3933,1301716,3748571,2012767,1776973,336967,0
Panama,PAN,2021,252764,3492,3041460,6193744,3120802,2804103,336967,3956542
Panama,PAN,2022,532735,1142,1307591,8688567,3518414,3162983,2007170,6317475
Panama,PAN,2023,19049,88,0,9201276,3746041,3178700,2033783,9738930
Panama,PAN,2024,2160,102,0,9201276,3746041,3178700,2033783,8831742
Papua New Guinea,PNG,2020,780,9,0,9201276,3746041,3178700,2033783,9765612
Papua New Guinea,PNG,2021,35410,581,0,9201276,3746041,3178700,2033783,9738930
Papua New Guinea,PNG,2022,10524,79,0,700257,364894,304687,2033783,9738930
Papua New Guinea,PNG,2023,150,31,0,737695,382020,321192,34483,9738930
Papua New Guinea,PNG,2024,0,0,0,737695,382020,321192,34483,8778378
Paraguay,PRY,2020,106136,2220,560380,737695,382020,321192,34483,9765612
Paraguay,PRY,2021,359965,14404,1488433,6833614,3469821,2948027,415766,6531840
Paraguay,PRY,2022,259264,3064,548657,9486776,3975338,3530179,1981259,8061950
Paraguay,PRY,2023,10394,192,0,9954852,3995915,3550673,2204922,3971137
Paraguay,PRY,2024,0,0,0,9954852,3995915,3550673,2204922,3346079
Peru,PER,2020,1010496,93066,0,9954852,3995915,3550673,2204922,3699894
Peru,PER,2021,1276998,109518,0,51093640,24839324,22085966,4168348,51494140
Peru,PER,2022,2166742,15594,0,86772984,30239408,28445740,28087834,35679346
Peru,PER,2023,50984,2338,0,91412580,30563708,28709644,32139228,4648626
Peru,PER,2024,21757,459,0,91412580,30563708,28709644,32139228,143620
Philippines,PHL,2020,472523,9230,6387800,91412580,30563708,28709644,32139228,157380
Philippines,PHL,2021,2371346,42274,17370116,108534300,56110300,49626440,32139228,139993990
Philippines,PHL,2022,1218790,13893,4059605,169780000,78359630,73920180,21318580,117490795
Philippines,PHL,2023,134620,1403,0,189317150,82684776,78443970,23811248,83143715
Philippines,PHL,2024,8183,69,0,189317150,82684776,78443970,23811248,75398821
Pitcairn,PCN,2020,0,0,0,189317150,82684776,78443970,23811248,82688133
Pitcairn,PCN,2021,0,0,0,189317150,82684776,78443970,23811248,83143715
Pitcairn,PCN,2022,4,0,0,189317150,82684776,78443970,23811248,83143715
Pitcairn,PCN,2023,0,0,0,189317150,82684776,78443970,23811248,83143715
Pitcairn,PCN,2024,0,0,0,189317150,82684776,78443970,23811248,74943239
Poland,POL,2020,1297400,28642,0,189317150,82684776,78443970,23811248,82733733
Poland,POL,2021,2811801,68416,0,46987400,21673668,78443970,23811248,49888217
Poland,POL,2022,2259187,21475,0,57786692,22850776,22623876,15184383,11325542
Poland,POL,2023,263677,1705,0,58634590,22984544,22705868,15394535,259806
Poland,POL,2024,132350,709,0,58634590,22984544,22705868,15394535,87174
Portugal,PRT,2020,377474,6695,5681792,58634590,22984544,22705868,15394535,95526
Portugal,PRT,2021,905174,12193,21123008,20043506,9397561,8540366,3140672,95265
Portugal,PRT,2022,4267920,6885,16020606,28058542,9788424,8904796,7038928,95265
Portugal,PRT,2023,88958,2156,0,28314796,9821414,8909769,7086326,95265
Portugal,PRT,2024,30486,1136,0,28314796,9821414,8909769,7086326,87174
Puerto Rico,PRI,2020,84661,1676,363762,28314796,9821414,8909769,7086326,95526
Puerto Rico,PRI,2021,232900,1643,1881196,28314796,9821414,8909769,7086326,95265
Puerto Rico,PRI,2022,823067,2255,774157,28314796,9821414,8909769,7086326,95265
Puerto Rico,PRI,2023,112085,364,0,28314796,9821414,8909769,7086326,95265
Puerto Rico,PRI,2024,0,0,0,28314796,9821414,8909769,7086326,87174
Qatar,QAT,2020,143621,245,0,28314796,9821414,8909769,7086326,95526
Qatar,QAT,2021,106166,372,4163972,5205664,9821414,8909769,7086326,4921824
Qatar,QAT,2022,239545,68,3410451,7601367,2850159,2850158,7086326,2834975
Qatar,QAT,2023,25192,5,0,7609178,2852178,2852178,1904822,1752730
Qatar,QAT,2024,0,0,0,7609178,2852178,2852178,1904822,1589462
Reunion,REU,2020,8972,46,0,7609178,2852178,2852178,1904822,1743126
Reunion,REU,2021,67630,367,0,7609178,2852178,2852178,1904822,1752730
Reunion,REU,2022,411906,498,0,7609178,2852178,2852178,1904822,1752730
Reunion,REU,2023,6087,14,0,7609178,2852178,2852178,1904822,1752730
Reunion,REU,2024,0,0,0,7609178,2852178,2852178,1904822,1603868
Romania,ROU,2020,627941,15596,0,7609178,2852178,2852178,1904822,1747648
Romania,ROU,2021,1179282,43118,0,15824909,5474507,7817215,1904822,15821919
Romania,ROU,2022,1501257,8660,0,16827486,5474507,8114769,1904822,1247801
Romania,ROU,2023,204113,1340,0,16827486,5474507,8114769,1904822,440920
Romania,ROU,2024,54383,227,0,16827486,5474507,8114769,1904822,403472
Russia,RUS,2020,3159297,57019,87120464,16827486,5474507,8114769,1904822,442128
Russia,RUS,2021,7340685,251841,60597999,146364020,73824200,66773440,7382067,154345069
Russia,RUS,2022,11298527,84852,8297352,183889040,87669150,78929790,19528894,82822038
Russia,RUS,2023,1948043,7647,0,187374510,89081600,79702400,20829310,26009900
Russia,RUS,2024,926834,2408,0,187374510,89081600,79702400,20829310,23587060
Rwanda,RWA,2020,8250,86,627970,187374510,89081600,79702400,20829310,26081160
Rwanda,RWA,2021,102308,1263,1952985,187374510,89081600,79702400,20829310,24932981
Rwanda,RWA,2022,22421,118,1448197,26106436,10572981,9274948,20829310,77040915
Rwanda,RWA,2023,229,1,0,27322060,10884714,10399665,5879013,77040915
Rwanda,RWA,2024,58,0,0,27322060,10884714,10399665,5879013,69442359
Saint Barthelemy,BLM,2020,189,0,0,27322060,10884714,10399665,5879013,76618773
Saint Barthelemy,BLM,2021,1537,4,0,27322060,10884714,10399665,5879013,77040915
Saint Barthelemy,BLM,2022,3682,1,0,27322060,10884714,10399665,5879013,77040915
Saint Barthelemy,BLM,2023,99,0,0,27322060,10884714,10399665,5879013,77040915
Saint Barthelemy,BLM,2024,0,0,0,27322060,10884714,10399665,5879013,69442359
Saint Helena,SHN,2020,0,0,0,27322060,10884714,10399665,5879013,76618773
Saint Helena,SHN,2021,0,0,0,27322060,10884714,10399665,5879013,77040915
Saint Helena,SHN,2022,2166,0,0,7892,4361,3531,5879013,77040915
Saint Helena,SHN,2023,0,0,0,7892,4361,3531,5879013,77040915
Saint Helena,SHN,2024,0,0,0,7892,4361,3531,5879013,69442359
Saint Kitts and Nevis,KNA,2020,32,0,0,7892,4361,3531,5879013,76618773
Saint Kitts and Nevis,KNA,2021,2886,28,13712,54868,27615,25619,5879013,22114182
Saint Kitts and Nevis,KNA,2022,3644,18,1915,64297,33794,27000,3503,228490
Saint Kitts and Nevis,KNA,2023,45,0,0,64297,33794,27000,3503,228490
Saint Kitts and Nevis,KNA,2024,0,0,0,64297,33794,27000,3503,207206
Saint Lucia,LCA,2020,340,5,0,64297,33794,27000,3503,227238
Saint Lucia,LCA,2021,13133,290,0,104994,55681,49313,3503,144837
Saint Lucia,LCA,2022,16275,114,1562,122977,60140,54971,7866,23188
Saint Lucia,LCA,2023,482,1,0,122977,60140,54971,7866,20075
Saint Lucia,LCA,2024,1,0,0,122977,60140,54971,7866,18095
Saint Martin (French part),MAF,2020,986,12,0,122977,60140,54971,7866,19965
Saint Martin (French part),MAF,2021,3132,27,0,122977,60140,54971,7866,20075
Saint Martin (French part),MAF,2022,8088,7,0,122977,60140,54971,7866,20075
Saint Martin (French part),MAF,2023,118,0,0,122977,60140,54971,7866,20075
Saint Martin (French part),MAF,2024,0,0,0,122977,60140,54971,7866,18095
Saint Pierre and Miquelon,SPM,2020,16,0,0,122977,60140,54971,7866,19965
Saint Pierre and Miquelon,SPM,2021,82,0,0,122977,60140,54971,7866,20075
Saint Pierre and Miquelon,SPM,2022,3269,2,0,122977,60140,54971,7866,20075
Saint Pierre and Miquelon,SPM,2023,59,0,0,122977,60140,54971,7866,20075
Saint Pierre and Miquelon,SPM,2024,0,0,0,122977,60140,54971,7866,18095
Saint Vincent and the Grenadines,VCT,2020,115,0,0,122977,60140,54971,7866,19965
Saint Vincent and the Grenadines,VCT,2021,5837,83,1543,122977,60140,54971,7866,189310
Saint Vincent and the Grenadines,VCT,2022,3783,36,735,72979,37331,31445,7866,32238
Saint Vincent and the Grenadines,VCT,2023,136,5,0,73443,37532,31632,4279,7300
Saint Vincent and the Grenadines,VCT,2024,0,0,0,73443,37532,31632,4279,6620
Samoa,WSM,2020,1,0,0,73443,37532,31632,4279,7260
Samoa,WSM,2021,1,0,0,263189,141424,121765,4279,7300
Samoa,WSM,2022,16277,29,0,448784,191130,177651,79061,7300
Samoa,WSM,2023,703,2,0,453083,191403,177954,82268,7300
Samoa,WSM,2024,95,0,0,453083,191403,177954,82268,6580
San Marino,SMR,2020,2401,59,0,453083,191403,177954,82268,7320
San Marino,SMR,2021,5850,40,0,453083,191403,177954,82268,64700
San Marino,SMR,2022,14918,22,0,69338,26357,23633,82268,3285
San Marino,SMR,2023,2123,5,0,69338,26357,23633,19348,3285
San Marino,SMR,2024,0,0,0,69338,26357,23633,19348,2979
Sao Tome and Principe,STP,2020,1014,17,0,69338,26357,23633,19348,3267
Sao Tome and Principe,STP,2021,2863,40,0,137612,86396,51216,19348,3285
Sao Tome and Principe,STP,2022,2402,20,4694,228291,127564,103963,33180,3285
Sao Tome and Principe,STP,2023,457,3,0,263863,140256,111986,34624,3285
Sao Tome and Principe,STP,2024,35,0,0,263863,140256,111986,34624,2961
Saudi Arabia,SAU,2020,362601,6214,11046767,263863,140256,111986,34624,3294
Saudi Arabia,SAU,2021,192816,2661,22263752,50894144,25017090,23180880,2696173,49938544
Saudi Arabia,SAU,2022,271567,640,9940866,60953970,25960748,24199236,10793985,44291536
Saudi Arabia,SAU,2023,14485,131,0,68534630,27041364,25433940,10793985,41376035
Saudi Arabia,SAU,2024,0,0,0,68534630,27041364,25433940,10793985,37295111
Scotland,nan,2020,0,0,0,68534630,27041364,25433940,10793985,35027931
Scotland,nan,2021,0,0,0,68534630,27041364,25433940,10793985,41376035
Scotland,nan,2022,0,0,0,68534630,27041364,25433940,10793985,41376035
Scotland,nan,2023,0,0,0,68534630,27041364,25433940,10793985,32647392
Scotland,nan,2024,0,0,0,68534630,27041364,25433940,10793985,5894668
Senegal,SEN,2020,18945,402,277749,68534630,27041364,25433940,10793985,41489394
Senegal,SEN,2021,55925,1488,656650,68534630,27041364,25433940,10793985,7821236
Senegal,SEN,2022,14030,78,167700,2709648,1949419,1356436,10793985,2602085
Senegal,SEN,2023,150,3,0,3182308,2684696,1548665,815965,2602085
Senegal,SEN,2024,266,1,0,3182308,2684696,1548665,815965,2345441
Serbia,SRB,2020,334991,3163,2296270,3182308,2684696,1548665,815965,2609214
Serbia,SRB,2021,962156,9525,4943550,8239799,3309157,3207534,1723108,10048622
Serbia,SRB,2022,1148332,4827,2613046,8534688,3354075,3278198,1902412,612557
Serbia,SRB,2023,137991,542,0,8534688,3354075,3278198,1902412,80665
Serbia,SRB,2024,0,0,0,8534688,3354075,3278198,1902412,73151
Seychelles,SYC,2020,226,0,0,8534688,3354075,3278198,1902412,80886
Seychelles,SYC,2021,24562,126,0,8534688,3354075,3278198,1902412,514926
Seychelles,SYC,2022,25567,46,0,219489,85803,81661,1902412,479975
Seychelles,SYC,2023,865,0,0,224558,88520,83565,44936,479975
Seychelles,SYC,2024,672,0,0,224558,88520,83565,44936,435265
Sierra Leone,SLE,2020,2583,76,0,224558,88520,83565,44936,481290
Sierra Leone,SLE,2021,4400,47,0,868726,703231,361089,44936,711038
Sierra Leone,SLE,2022,777,3,0,6158679,4318136,3445251,346412,703720
Sierra Leone,SLE,2023,19,0,0,9155936,5676123,4961886,1201709,703720
Sierra Leone,SLE,2024,206,0,0,9155936,5676123,4961886,1201709,634312
Singapore,SGP,2020,58569,29,0,9155936,5676123,4961886,1201709,703772
Singapore,SGP,2021,220836,799,0,11795254,4859718,4684521,2201705,11794635
Singapore,SGP,2022,1921974,883,14598500,14727569,5157242,5114856,4440289,3185508
Singapore,SGP,2023,723688,243,0,15302530,5287005,5248693,4769158,1379335
Singapore,SGP,2024,81640,70,0,15302530,5287005,5248693,4769158,1250849
Sint Maarten (Dutch part),SXM,2020,1424,27,0,15302530,5287005,5248693,4769158,1371777
Sint Maarten (Dutch part),SXM,2021,3631,48,0,15302530,5287005,5248693,4769158,1379335
Sint Maarten (Dutch part),SXM,2022,5938,14,0,65515,29788,26658,4769158,1379335
Sint Maarten (Dutch part),SXM,2023,59,3,0,66829,29788,26773,9146,1379335
Sint Maarten (Dutch part),SXM,2024,0,0,0,66829,29788,26773,9146,1243291
Slovakia,SVK,2020,179543,2138,3244664,66829,29788,26773,9146,1383114
Slovakia,SVK,2021,662190,14497,43182086,5000849,2525330,2451335,121474,1379335
Slovakia,SVK,2022,1017453,4188,4811732,5754313,2595901,2577827,684026,1379335
Slovakia,SVK,2023,16343,384,0,7222380,2840017,2791711,1686458,1379335
Slovakia,SVK,2024,9386,52,0,7222380,2840017,2791711,1686458,1262186
Slovenia,SVN,2020,115411,2881,678496,7222380,2840017,2791711,1686458,1373289
Slovenia,SVN,2021,341431,3208,1402995,2761948,1250439,2791711,1686458,2753177
Slovenia,SVN,2022,843961,2712,3254882,2996643,1265802,1222225,657967,235964
Slovenia,SVN,2023,53614,889,0,3028400,1265802,1222225,681485,0
Slovenia,SVN,2024,6012,224,0,3028400,1265802,1222225,681485,0
Solomon Islands,SLB,2020,17,0,0,3028400,1265802,1222225,681485,0
Solomon Islands,SLB,2021,7,0,0,3028400,1265802,1222225,681485,0
Solomon Islands,SLB,2022,21587,153,0,625956,343821,254352,681485,0
Solomon Islands,SLB,2023,4343,46,0,625956,343821,254352,27783,0
Solomon Islands,SLB,2024,0,0,0,625956,343821,254352,27783,0
Somalia,SOM,2020,4714,130,0,625956,343821,254352,27783,0
Somalia,SOM,2021,18818,1203,0,1504914,1203131,810010,27783,2175576
Somalia,SOM,2022,3778,28,0,8520930,7524443,6324409,27783,3197948
Somalia,SOM,2023,24,0,0,10555834,8972167,7666835,28134,0
Somalia,SOM,2024,0,0,0,10555834,8972167,7666835,28134,0
South Africa,ZAF,2020,1039161,28033,6480412,10555834,8972167,7666835,28134,0
South Africa,ZAF,2021,2407371,63028,14325059,27903338,18905708,15833594,28134,37264141
South Africa,ZAF,2022,602048,11507,4005785,38050612,23970892,21038796,3877516,11657347
South Africa,ZAF,2023,24056,27,0,41798812,24210952,21038796,4410601,0
South Africa,ZAF,2024,201,0,0,41798812,24210952,21038796,4410601,0
South Korea,KOR,2020,60722,900,4809285,41798812,24210952,21038796,4410601,0
South Korea,KOR,2021,574528,4725,40514612,103955630,43958868,42319016,18487659,103905273
South Korea,KOR,2022,28424023,26647,54945555,129647784,44764956,44347430,41325954,25720952
South Korea,KOR,2023,5512600,3669,0,129647784,44764956,44347430,41325954,647875
South Korea,KOR,2024,0,0,0,129647784,44764956,44347430,41325954,592850
South Sudan,SSD,2020,3540,64,23037,129647784,44764956,44347430,41325954,649650
South Sudan,SSD,2021,12086,72,31682,129647784,44764956,44347430,41325954,727615
South Sudan,SSD,2022,2742,2,4183,2310167,2252089,2210238,41325954,1517670
South Sudan,SSD,2023,451,9,0,4365547,4315127,4273253,513122,1517670
South Sudan,SSD,2024,36,0,0,4365547,4315127,4273253,513122,1367982
Spain,ESP,2020,1919549,53964,22859368,4365547,4315127,4273253,513122,1521828
Spain,ESP,2021,4180589,37311,50595397,83529790,39664716,37869504,13743032,112462395
Spain,ESP,2022,7654824,27668,19707403,104186560,41333244,40719960,26389932,26682865
Spain,ESP,2023,225378,2909,0,119228504,41351230,40739124,32914841,17394805
Spain,ESP,2024,0,0,0,119228504,41351230,40739124,32914841,15917438
Sri Lanka,LKA,2020,43307,210,1250417,119228504,41351230,40739124,32914841,17442462
Sri Lanka,LKA,2021,543946,14775,5440783,119228504,41351230,40739124,32914841,36358534
Sri Lanka,LKA,2022,84639,1838,999845,40116590,17143760,14752827,8220002,9093951
Sri Lanka,LKA,2023,823,73,0,40116590,17143760,14752827,8220002,5353455
Sri Lanka,LKA,2024,102,17,0,40116590,17143760,14752827,8220002,4825443
Sudan,SDN,2020,25500,1561,0,40116590,17143760,14752827,8220002,5368122
Sudan,SDN,2021,21411,1776,0,40116590,17143760,14752827,8220002,4298517
Sudan,SDN,2022,16791,1658,0,13711970,10504568,8302878,8220002,2384910
Sudan,SDN,2023,291,51,0,28662108,15207452,13416394,3891363,2384910
Sudan,SDN,2024,0,0,0,28662108,15207452,13416394,3891363,2149686
Suriname,SUR,2020,6098,120,10118,28662108,15207452,13416394,3891363,2391444
Suriname,SUR,2021,45933,1069,45821,28662108,15207452,13416394,3891363,1068920
Suriname,SUR,2022,29550,204,28245,505699,267820,237879,3891363,149357
Suriname,SUR,2023,914,11,0,554588,267820,237879,48889,145270
Suriname,SUR,2024,9,2,0,554588,267820,237879,48889,131738
Sweden,SWE,2020,447759,9706,4179271,554588,267820,237879,48889,145668
Sweden,SWE,2021,878413,5639,10978980,17617810,7593376,7256183,48889,145270
Sweden,SWE,2022,1354059,6961,3249334,25511046,7772354,7590411,9643313,145270
Sweden,SWE,2023,66386,4380,0,28237824,7775726,7593676,9836355,19986441
Sweden,SWE,2024,21084,1498,0,28312816,7775726,7593676,9836355,23223354
Switzerland,CHE,2020,451142,7528,3288431,28312816,7775726,7593676,9836355,24758662
Switzerland,CHE,2021,883690,4393,11090167,13846441,5966497,7593676,2202913,13840059
Switzerland,CHE,2022,3045631,1961,6899136,16877060,6095351,7593676,4838672,3014369
Switzerland,CHE,2023,66478,288,0,16940716,6096911,7593676,4885838,65149
Switzerland,CHE,2024,24785,0,0,16940716,6096911,7593676,4885838,1670
Syria,SYR,2020,11344,704,0,16940716,6096911,7593676,4885838,1830
Syria,SYR,2021,38899,2189,0,16940716,6096911,7593676,4885838,1825
Syria,SYR,2022,7180,270,0,4940436,3179030,2226318,4885838,7996628
Syria,SYR,2023,0,0,0,5090630,3295630,2358365,75881,10998910
Syria,SYR,2024,0,0,0,5090630,3295630,2358365,75881,9914086
Taiwan,TWN,2020,0,0,126987,5090630,3295630,2358365,75881,11029044
Taiwan,TWN,2021,0,0,4841790,34872136,18712858,16159278,158706,46449431
Taiwan,TWN,2022,0,0,8052744,64721772,21829864,20627468,22264439,38049194
Taiwan,TWN,2023,0,0,0,68158990,21899240,20793088,25466659,4799458
Taiwan,TWN,2024,0,0,0,68158990,21899240,20793088,25466659,225412
Tajikistan,TJK,2020,13665,90,0,68158990,21899240,20793088,25466659,3750036
Tajikistan,TJK,2021,3828,35,0,68158990,21899240,20793088,25466659,15868287
Tajikistan,TJK,2022,293,0,0,18871160,5311967,5170582,25466659,41341725
Tajikistan,TJK,2023,0,0,0,20568164,5328277,5191919,5322496,41341725
Tajikistan,TJK,2024,0,0,0,20568164,5328277,5191919,5322496,37490715
Tanzania,TZA,2020,509,21,0,20568164,5328277,5191919,5322496,41454990
Tanzania,TZA,2021,28797,716,0,20568164,5328277,5191919,5322496,41341725
Tanzania,TZA,2022,13090,108,0,35994690,31191544,29270880,7171363,41341725
Tanzania,TZA,2023,827,1,0,39392420,34434932,32165792,7171363,41341725
Tanzania,TZA,2024,89,0,0,39392420,34434932,32165792,7171363,37264185
Thailand,THA,2020,6919,121,1634168,39392420,34434932,32165792,7171363,41454990
Thailand,THA,2021,2216551,21637,16095726,105160270,51410504,46319204,7430561,112922545
Thailand,THA,2022,2500484,11971,7003909,142635000,57005496,53486090,32143431,40627125
Thailand,THA,2023,38456,848,0,142635000,57005496,53486090,32143431,12506725
Thailand,THA,2024,43389,219,0,142635000,57005496,53486090,32143431,11341715
Togo,TGO,2020,3611,68,177840,142635000,57005496,53486090,32143431,12540990
Togo,TGO,2021,26552,180,437427,142635000,57005496,53486090,32143431,12506725
Togo,TGO,2022,9180,42,92796,3396543,2242455,1456018,32143431,12506725
Togo,TGO,2023,184,0,0,3423181,2255579,1554066,427804,12506725
Togo,TGO,2024,10,0,0,3423181,2255579,1554066,427804,11273185
Tokelau,TKL,2020,0,0,0,3423181,2255579,1554066,427804,12438195
Tokelau,TKL,2021,0,0,0,3423181,2255579,1554066,427804,12506725
Tokelau,TKL,2022,5,0,0,5374,2203,2203,427804,12506725
Tokelau,TKL,2023,75,0,0,5374,2203,2203,968,12506725
Tokelau,TKL,2024,0,0,0,5374,2203,2203,968,11273185
Tonga,TON,2020,0,0,0,5374,2203,2203,968,12540990
Tonga,TON,2021,1,0,0,130236,73609,56627,968,12506725
Tonga,TON,2022,16411,12,0,202604,87265,77008,38331,12506725
Tonga,TON,2023,537,0,0,204737,87375,77390,38588,12506725
Tonga,TON,2024,43,1,0,204737,87375,77390,38588,11273185
Trinidad and Tobago,TTO,2020,7132,126,1539,204737,87375,77390,38588,12540990
Trinidad and Tobago,TTO,2021,83697,2699,423684,1408384,712256,668717,76184,4996629
Trinidad and Tobago,TTO,2022,95204,1458,241056,1580898,753588,716898,168619,190455
Trinidad and Tobago,TTO,2023,5463,107,0,1592148,754399,718969,174836,27375
Trinidad and Tobago,TTO,2024,0,0,0,1592148,754399,718969,174836,24675
Tunisia,TUN,2020,137216,4620,0,1592148,754399,718969,174836,27450
Tunisia,TUN,2021,588626,20944,825252,12156566,6889208,5921997,856236,10872452
Tunisia,TUN,2022,421729,3720,176555,13172572,7217098,6392574,1254078,1288161
Tunisia,TUN,2023,5790,139,0,16553338,8896848,6401841,1258577,249254
Tunisia,TUN,2024,0,0,0,16553338,8896848,6401841,1258577,211178
Turkey,TUR,2020,2194272,20642,24464277,16553338,8896848,6401841,1258577,233508
Turkey,TUR,2021,7247492,61462,94520585,131646010,56914268,51604896,23126843,131775438
Turkey,TUR,2022,7562913,19315,44179671,152543340,57941052,53176960,41425329,21378086
Turkey,TUR,2023,10,0,0,152543340,57941052,53176960,41425329,1905665
Turkey,TUR,2024,29,0,0,152543340,57941052,53176960,41425329,1728151
Turkmenistan,TKM,2020,0,0,0,152543340,57941052,53176960,41425329,1910886
Turkmenistan,TKM,2021,0,0,0,152543340,57941052,53176960,41425329,1905665
Turkmenistan,TKM,2022,0,0,0,8286809,2970000,2920000,41425329,1905665
Turkmenistan,TKM,2023,0,0,0,16775970,4614869,4568901,3816400,1905665
Turkmenistan,TKM,2024,0,0,0,16775970,4614869,4568901,3816400,1717709
Turks and Caicos Islands,TCA,2020,865,6,0,16775970,4614869,4568901,3816400,1895223
Turks and Caicos Islands,TCA,2021,2418,20,0,16775970,4614869,4568901,3816400,1905665
Turks and Caicos Islands,TCA,2022,3196,10,0,72837,32338,30288,3816400,1905665
Turks and Caicos Islands,TCA,2023,231,4,0,73907,32815,30710,7443,1905665
Turks and Caicos Islands,TCA,2024,116,0,0,73907,32815,30710,7443,1717709
Tuvalu,TUV,2020,0,0,0,73907,32815,30710,7443,1895223
Tuvalu,TUV,2021,0,0,0,73907,32815,30710,7443,1905665
Tuvalu,TUV,2022,2779,0,0,25591,9603,9322,7443,1905665
Tuvalu,TUV,2023,164,1,0,26783,9763,9505,5745,1905665
Tuvalu,TUV,2024,0,0,0,26783,9763,9505,5745,1717709
Uganda,UGA,2020,35220,304,669632,26783,9763,9505,5745,1910886
Uganda,UGA,2021,107451,2993,1270114,9763030,8354808,1408222,5745,19910740
Uganda,UGA,2022,27291,333,180574,26299538,18867076,12961901,453508,49010375
Uganda,UGA,2023,1998,2,0,26406936,20033188,13061126,764664,49010375
Uganda,UGA,2024,271,0,0,26406936,20033188,13061126,764664,44176475
Ukraine,UKR,2020,988108,15278,4182868,26406936,20033188,13061126,764664,49144650
Ukraine,UKR,2021,2617976,77255,8012416,28457564,20033188,13755421,764664,35840947
Ukraine,UKR,2022,1709592,15716,1182105,31668576,15774300,15153577,741197,23032135
Ukraine,UKR,2023,210004,1669,0,35735490,16267198,15741036,3294979,22971275
Ukraine,UKR,2024,15524,7,0,35735490,16267198,15741036,3294979,20831485
United Arab Emirates,ARE,2020,206092,665,20890341,35735490,16267198,15741036,3294979,23034210
United Arab Emirates,ARE,2021,553419,1497,90776778,35735490,16267198,15741036,3456677,24566196
United Arab Emirates,ARE,2022,287407,186,56855553,24922054,9991089,9792266,5138699,4482436
United Arab Emirates,ARE,2023,20112,1,0,24922054,9991089,9792266,5138699,2245480
United Arab Emirates,ARE,2024,0,0,0,24922054,9991089,9792266,5138699,2036312
United Kingdom,GBR,2020,2563561,93317,48972436,24922054,9991089,9792266,5138699,2251632
United Kingdom,GBR,2021,10878146,83496,343554199,133312820,51786770,47434252,34091798,130696366
United Kingdom,GBR,2022,10752848,39346,109956111,151248820,53806964,50745900,40373987,18560703
United Kingdom,GBR,2023,670728,15953,0,151248820,53806964,50745900,40373987,2187080
United Kingdom,GBR,2024,151552,0,0,151248820,53806964,50745900,40373987,2001328
United States,USA,2020,19577585,352004,257894445,151248820,53806964,50745900,40373987,7755908
United States,USA,2021,33956701,467051,468464707,521797700,244104720,210360590,77816104,516081380
United States,USA,2022,45877410,265838,186409972,666952260,268541250,229580640,133062763,145154549
United States,USA,2023,4025133,82030,0,676728770,270227170,230637340,133062763,12549777
United States,USA,2024,0,43990,0,676728770,270227170,230637340,133062763,3924834
United States Virgin Islands,VIR,2020,2017,23,31459,676728770,270227170,230637340,133062763,4300866
United States Virgin Islands,VIR,2021,7045,66,68077,676728770,270227170,230637340,133062763,4289115
United States Virgin Islands,VIR,2022,14714,38,15543,676728770,270227170,230637340,133062763,4289115
United States Virgin Islands,VIR,2023,1620,5,0,676728770,270227170,230637340,133062763,4289115
United States Virgin Islands,VIR,2024,0,0,0,676728770,270227170,230637340,133062763,3866079
Upper-middle-income countries,nan,2020,24644384,737965,0,676728770,626773570,779176000,133062763,7603200.2
Upper-middle-income countries,nan,2021,62763156,1601619,0,4492551700,2120213000,1926050000,432641976,4485099077
Upper-middle-income countries,nan,2022,144515791,383781,0,5840098000,2307455200,2158581000,1314303392,1347546103
Upper-middle-income countries,nan,2023,18902056,52904,0,5958109000,2324871700,2177804300,1348746002,117571898.4
Upper-middle-income countries,nan,2024,1336536,5059,0,5958533000,2324897000,2177814800,1349017831,424228.951
Uruguay,URY,2020,17991,168,638993,5958533000,2324897000,2177814800,1349017831,0
Uruguay,URY,2021,392349,6001,3771521,5958533000,2324897000,2177814800,1349017831,6987840
Uruguay,URY,2022,601677,1394,1676116,8785446,3010106,2902231,2872790,1806770
Uruguay,URY,2023,25905,63,0,9037498,3010464,2903186,3122733,2062455
Uruguay,URY,2024,4240,62,0,9037498,3010464,2903186,3122733,331
Uzbekistan,UZB,2020,9,0,0,9037498,3010464,2903186,3122733,366
Uzbekistan,UZB,2021,116776,860,0,39036800,18056728,11102403,3122733,46454035
Uzbekistan,UZB,2022,50507,156,0,71888010,21283788,17707136,14721017,53238959
Uzbekistan,UZB,2023,7789,0,0,83937950,22094470,18451780,16413048,53039245
Uzbekistan,UZB,2024,0,0,0,83937950,22094470,18451780,16413048,48098603
Vanuatu,VUT,2020,1,0,0,83937950,22094470,18451780,16413048,53184558
Vanuatu,VUT,2021,6,0,0,83937950,22094470,18451780,16413048,53039245
Vanuatu,VUT,2022,12007,14,0,293584,144824,131697,16413048,53039245
Vanuatu,VUT,2023,5,0,0,366638,176624,162250,27697,53039245
Vanuatu,VUT,2024,0,0,0,366638,176624,162250,27697,47807977
Vatican,VAT,2020,26,0,0,366638,176624,162250,27697,52748619
Vatican,VAT,2021,0,0,0,366638,176624,162250,27697,53039245
Vatican,VAT,2022,0,0,0,366638,176624,162250,27697,53039245
Vatican,VAT,2023,0,0,0,366638,176624,162250,27697,53039245
Vatican,VAT,2024,0,0,0,366638,176624,162250,27697,47807977
Venezuela,VEN,2020,112861,1021,0,366638,176624,162250,27697,53184558
Venezuela,VEN,2021,331325,4300,0,30049714,18393520,11608305,27697,53039245
Venezuela,VEN,2022,106202,510,0,37860990,22157232,14966671,651502,53039245
Venezuela,VEN,2023,2307,25,0,37860990,22157232,14966671,651502,53039245
Venezuela,VEN,2024,0,0,0,37860990,22157232,14966671,651502,47807977
Vietnam,VNM,2020,1456,35,0,37860990,22157232,14966671,651502,53184558
Vietnam,VNM,2021,1729801,32359,24988285,150935920,77555510,68435816,651502,160053002
Vietnam,VNM,2022,9793887,10792,4205614,265336580,90157000,85705656,57435666,88295136
Vietnam,VNM,2023,98880,20,0,266492140,90497670,85961570,57975220,24210450
Vietnam,VNM,2024,0,0,0,266492140,90497670,85961570,57975220,21822570
Wales,nan,2020,0,0,0,266492140,90497670,85961570,57975220,18240750
Wales,nan,2021,0,0,0,266492140,90497670,85961570,57975220,24210450
Wales,nan,2022,0,0,0,266492140,90497670,85961570,57975220,24210450
Wales,nan,2023,0,0,0,266492140,90497670,85961570,57975220,12801690
Wallis and Futuna,WLF,2020,4,0,0,266492140,90497670,85961570,57975220,24077790
Wallis and Futuna,WLF,2021,449,7,0,266492140,90497670,85961570,57975220,24210450
Wallis and Futuna,WLF,2022,2974,0,0,17959,7136,6794,57975220,24210450
Wallis and Futuna,WLF,2023,123,1,0,18058,7150,6803,3766,24210450
Wallis and Futuna,WLF,2024,210,1,0,18058,7150,6803,3766,21822570
World excl. China,nan,2020,82250668,1932037,0,18058,7150,6803,3766,24077790
World excl. China,nan,2021,203077334,3536458,0,18058,7150,6803,3766,24210450
World excl. China,nan,2022,359237931,1202082,0,18058,7150,6803,3766,24210450
World excl. China,nan,2023,30001029,228721,0,18058,7150,6803,3766,24210450
World excl. China,nan,2024,3049399,61701,0,18058,7150,6803,3766,21822570
World excl. China and South Korea,nan,2020,82189946,1931137,0,18058,7150,6803,3766,24077790
World excl. China and South Korea,nan,2021,202502806,3531733,0,18058,7150,6803,3766,24210450
World excl. China and South Korea,nan,2022,330813908,1175435,0,18058,7150,6803,3766,24210450
World excl. China and South Korea,nan,2023,24488429,225052,0,18058,7150,6803,3766,24210450
World excl. China and South Korea,nan,2024,3049399,61701,0,18058,7150,6803,3766,21822570
"World excl. China, South Korea, Japan and Singapore",nan,2020,81901073,1927694,0,18058,7150,6803,3766,24077790
"World excl. China, South Korea, Japan and Singapore",nan,2021,200778486,3515955,0,18058,7150,6803,3766,24210450
"World excl. China, South Korea, Japan and Singapore",nan,2022,301520652,1135432,0,18058,7150,6803,3766,24210450
"World excl. China, South Korea, Japan and Singapore",nan,2023,19066239,207614,0,18058,7150,6803,3766,24210450
"World excl. China, South Korea, Japan and Singapore",nan,2024,2967759,61631,0,18058,7150,6803,3766,21822570
Yemen,YEM,2020,2101,611,0,18058,7150,6803,3766,24276780
Yemen,YEM,2021,8025,1373,0,547019,331778,215241,3766,24210450
Yemen,YEM,2022,1819,175,0,1238962,1003208,757050,59240,24210450
Yemen,YEM,2023,0,0,0,1298654,1050202,807057,68925,24210450
Yemen,YEM,2024,0,0,0,1298654,1050202,807057,68925,21822570
Zambia,ZMB,2020,20462,386,574361,1298654,1050202,807057,68925,24276780
Zambia,ZMB,2021,228731,3344,2315185,1730165,1050202,1217415,68925,9078973
Zambia,ZMB,2022,85003,293,522790,12583850,10802844,8555745,68925,20556589
Zambia,ZMB,2023,15108,46,0,13615707,11711565,9213802,1414619,23908595
Zambia,ZMB,2024,588,9,0,13615707,11711565,9213802,1414619,21550487
Zimbabwe,ZWE,2020,13625,360,207082,13615707,11711565,9213802,1414619,23974098
Zimbabwe,ZWE,2021,198103,4637,1490978,13615707,11711565,9213802,1414619,12651673
Zimbabwe,ZWE,2022,48372,640,171623,12222754,6437808,4751270,1033676,5505635
Zimbabwe,ZWE,2023,5972,94,0,13935112,7525882,5662119,2299968,721970
Zimbabwe,ZWE,2024,325,9,0,13935112,7525882,5662119,2299968,650762
